Item_Id,Low_Cap_Price
IT_265079,3536
IT_265087,2812
IT_265107,2341
IT_265139,5977
IT_265142,1387
IT_265144,1892
IT_265148,3039
IT_265156,10922
IT_265162,3451
IT_265170,12702
IT_265175,10426
IT_265181,9113
IT_265183,8637
IT_265184,8149
IT_265196,8827
IT_265201,11357
IT_265205,10975
IT_265244,3530
IT_265255,3104
IT_265259,2210
IT_265264,4721
IT_265274,2178
IT_265275,1809
IT_265294,1236
IT_265315,3682
IT_265317,2676
IT_265332,9320
IT_265338,8024
IT_265339,7925
IT_265341,9328
IT_265349,8645
IT_265350,9031
IT_265360,9686
IT_265379,1372
IT_265382,14525
IT_265417,2348
IT_265448,1547
IT_265455,4720
IT_265482,8297
IT_265490,8513
IT_265495,9378
IT_265499,9367
IT_265500,8769
IT_265504,12455
IT_265507,8393
IT_265533,2249
IT_265566,3259
IT_265568,1328
IT_265575,4668
IT_265577,3828
IT_265581,1366
IT_265611,9522
IT_265615,1122
IT_265647,3196
IT_265697,6182
IT_265701,3513
IT_265702,2412
IT_265703,1351
IT_265720,3101
IT_265734,10406
IT_265736,8808
IT_265740,8256
IT_265742,8188
IT_265747,9547
IT_265751,8998
IT_265757,3536
IT_265792,2812
IT_265816,2341
IT_265819,5977
IT_265866,1387
IT_265869,1892
IT_265874,3039
IT_265880,10922
IT_265905,3451
IT_265911,12702
IT_265922,10426
IT_265927,9113
IT_265932,8637
IT_265935,8149
IT_265948,8827
IT_265966,11357
IT_265976,10975
IT_265999,3530
IT_266030,3104
IT_266056,2210
IT_266058,4721
IT_266060,2178
IT_266069,1809
IT_266096,1236
IT_266103,3682
IT_266111,2676
IT_266115,9320
IT_266124,8024
IT_266128,7925
IT_266132,9328
IT_266137,8645
IT_266141,9031
IT_266155,9686
IT_266157,1372
IT_266166,14525
IT_266175,2348
IT_266188,1547
IT_266255,4720
IT_266258,8297
IT_266264,8513
IT_266281,9378
IT_266298,9367
IT_266299,8769
IT_266307,12455
IT_266318,8393
IT_266322,2249
IT_266324,3259
IT_266334,1328
IT_266338,4668
IT_266354,3828
IT_266366,1366
IT_266376,9522
IT_266402,1122
IT_266413,3196
IT_266453,6182
IT_266498,3513
IT_266499,2412
IT_266506,1351
IT_266514,3101
IT_266523,10406
IT_266532,8808
IT_266536,8256
IT_266537,8188
IT_266541,9547
IT_266556,8998
IT_266557,3536
IT_266571,2812
IT_266578,2341
IT_266594,5977
IT_266650,1387
IT_266665,1892
IT_266667,3039
IT_266671,10922
IT_266684,3451
IT_266700,12702
IT_266703,10426
IT_266715,9113
IT_266731,8637
IT_266741,8149
IT_266744,8827
IT_266752,11357
IT_266786,10975
IT_266806,3530
IT_266825,3104
IT_266833,2210
IT_266836,4721
IT_266842,2178
IT_266855,1809
IT_266915,1236
IT_266927,3682
IT_266950,2676
IT_266955,9320
IT_266974,8024
IT_266977,7925
IT_266981,9328
IT_266983,8645
IT_266988,9031
IT_266993,9686
IT_266994,1372
IT_266996,14525
IT_266999,2348
IT_267001,1547
IT_267003,4720
IT_267004,8297
IT_267019,8513
IT_267026,9378
IT_267049,9367
IT_267067,8769
IT_267121,12455
IT_267125,8393
IT_267130,2249
IT_267169,3259
IT_267181,1328
IT_267189,4668
IT_267194,3828
IT_267202,1366
IT_267243,9522
IT_267326,1122
IT_267328,3196
IT_267333,6182
IT_267401,3513
IT_267411,2412
IT_267468,1351
IT_267471,3101
IT_267474,10406
IT_267476,8808
IT_267495,8256
IT_267513,8188
IT_267517,9547
IT_267519,8998
IT_267534,3536
IT_267544,2812
IT_267555,2341
IT_267556,5977
IT_267599,1387
IT_267604,1892
IT_267652,3039
IT_267654,10922
IT_267656,3451
IT_267662,12702
IT_267707,10426
IT_267711,9113
IT_267713,8637
IT_267714,8149
IT_267721,8827
IT_267735,11357
IT_267764,10975
IT_267808,3530
IT_267819,3104
IT_267844,2210
IT_267885,4721
IT_267929,2178
IT_267932,1809
IT_267938,1236
IT_267939,3682
IT_267944,2676
IT_267945,9320
IT_267951,8024
IT_267954,7925
IT_267957,9328
IT_267970,8645
IT_268027,9031
IT_268040,9686
IT_268075,1372
IT_268107,14525
IT_268195,2348
IT_268249,1547
IT_268250,4720
IT_268256,8297
IT_268259,8513
IT_268265,9378
IT_268272,9367
IT_268275,8769
IT_268284,12455
IT_268285,8393
IT_268300,2249
IT_268323,3259
IT_268331,1328
IT_268364,4668
IT_268398,3828
IT_268400,1366
IT_268406,9522
IT_268447,1122
IT_268455,3196
IT_268463,6182
IT_268469,3513
IT_268472,2412
IT_268475,1351
IT_268476,3101
IT_268486,10406
IT_268497,8808
IT_268517,8256
IT_268552,8188
IT_268591,9547
IT_268630,8998
IT_268644,3536
IT_268651,2812
IT_268669,2341
IT_268672,5977
IT_268678,1387
IT_268683,1892
IT_268690,3039
IT_268695,10922
IT_268719,3451
IT_268734,12702
IT_268756,10426
IT_268834,9113
IT_268841,8637
IT_268890,8149
IT_268893,8827
IT_268904,11357
IT_268906,10975
IT_268909,3530
IT_268912,3104
IT_268958,2210
IT_268994,4721
IT_269018,2178
IT_269029,1809
IT_269056,1236
IT_269067,3682
IT_269105,2676
IT_269172,9320
IT_269213,8024
IT_269221,7925
IT_269236,9328
IT_269267,8645
IT_269290,9031
IT_269308,9686
IT_269317,1372
IT_269327,14525
IT_269384,2348
IT_269420,1547
IT_269451,4720
IT_269468,8297
IT_269520,8513
IT_269525,9378
IT_269528,9367
IT_269532,8769
IT_269540,12455
IT_269546,8393
IT_269559,2249
IT_269606,3259
IT_269639,1328
IT_269689,4668
IT_269705,3828
IT_269742,1366
IT_269748,9522
IT_269759,1122
IT_269769,3196
IT_269784,6182
IT_269785,3513
IT_269813,2412
IT_269834,1351
IT_269899,3101
IT_269900,10406
IT_269903,8808
IT_269907,8256
IT_269923,8188
IT_269943,9547
IT_269964,8998
IT_269969,3536
IT_269971,2812
IT_269976,2341
IT_269984,5977
IT_269996,1387
IT_270011,1892
IT_270025,3039
IT_270029,10922
IT_270036,3451
IT_270057,12702
IT_270086,10426
IT_270129,9113
IT_270157,8637
IT_270254,8149
IT_270264,8827
IT_270268,11357
IT_270282,10975
IT_270297,3530
IT_270330,3104
IT_270332,2210
IT_270341,4721
IT_270342,2178
IT_270394,1809
IT_270427,1236
IT_270428,3682
IT_270485,2676
IT_270500,9320
IT_270537,8024
IT_270543,7925
IT_270545,9328
IT_270549,8645
IT_270556,9031
IT_270566,9686
IT_270628,1372
IT_270642,14525
IT_270674,2348
IT_270675,1547
IT_270682,4720
IT_270716,8297
IT_270747,8513
IT_270839,9378
IT_270873,9367
IT_270887,8769
IT_270898,12455
IT_270943,8393
IT_270951,2249
IT_270974,3259
IT_270980,1328
IT_271071,4668
IT_271121,3828
IT_271158,1366
IT_271172,9522
IT_271207,1122
IT_271254,3196
IT_271308,6182
IT_271313,3513
IT_271349,2412
IT_271365,1351
IT_271437,3101
IT_271463,10406
IT_271517,8808
IT_271533,8256
IT_271538,8188
IT_271541,9547
IT_271604,8998
IT_271625,3536
IT_271664,2812
IT_271713,2341
IT_271758,5977
IT_271778,1387
IT_271801,1892
IT_271810,3039
IT_271832,10922
IT_271841,3451
IT_271903,12702
IT_271927,10426
IT_271990,9113
IT_271996,8637
IT_272007,8149
IT_272010,8827
IT_272026,11357
IT_272121,10975
IT_272146,3530
IT_272152,3104
IT_272264,2210
IT_272281,4721
IT_272321,2178
IT_272329,1809
IT_272333,1236
IT_272336,3682
IT_272339,2676
IT_272346,9320
IT_272351,8024
IT_272359,7925
IT_272368,9328
IT_272385,8645
IT_272495,9031
IT_272553,9686
IT_272568,1372
IT_272580,14525
IT_272583,2348
IT_272611,1547
IT_272682,4720
IT_272735,8297
IT_272757,8513
IT_272762,9378
IT_272795,9367
IT_272828,8769
IT_272902,12455
IT_272938,8393
IT_272958,2249
IT_272965,3259
IT_272973,1328
IT_272975,4668
IT_272995,3828
IT_273028,1366
IT_273133,9522
IT_273134,1122
IT_273138,3196
IT_273152,6182
IT_273194,3513
IT_273200,2412
IT_273221,1351
IT_273258,3101
IT_273327,10406
IT_273331,8808
IT_273334,8256
IT_273344,8188
IT_273355,9547
IT_273388,8998
IT_273413,3536
IT_273468,2812
IT_273555,2341
IT_273570,5977
IT_273571,1387
IT_273606,1892
IT_273617,3039
IT_273687,10922
IT_273714,3451
IT_273740,12702
IT_273757,10426
IT_273761,9113
IT_273768,8637
IT_273770,8149
IT_273780,8827
IT_273782,11357
IT_273795,10975
IT_273798,3530
IT_273828,3104
IT_273866,2210
IT_273926,4721
IT_273927,2178
IT_273928,1809
IT_273929,1236
IT_273930,3682
IT_273931,2676
IT_273954,9320
IT_273977,8024
IT_274019,7925
IT_274029,9328
IT_274035,8645
IT_274039,9031
IT_274074,9686
IT_274123,1372
IT_274215,14525
IT_274218,2348
IT_274220,1547
IT_274237,4720
IT_274241,8297
IT_274268,8513
IT_274282,9378
IT_274294,9367
IT_274305,8769
IT_274313,12455
IT_274318,8393
IT_274321,2249
IT_274327,3259
IT_274328,1328
IT_274332,4668
IT_274349,3828
IT_274354,1366
IT_274434,9522
IT_274439,1122
IT_274440,3196
IT_274441,6182
IT_274442,3513
IT_274443,2412
IT_274444,1351
IT_274463,3101
IT_274526,10406
IT_274533,8808
IT_274538,8256
IT_274562,8188
IT_274568,9547
IT_274571,8998
IT_274589,3536
IT_274594,2812
IT_274626,2341
IT_274629,5977
IT_274696,1387
IT_274697,1892
IT_274698,3039
IT_274722,10922
IT_274725,3451
IT_274748,12702
IT_274791,10426
IT_274808,9113
IT_274827,8637
IT_274857,8149
IT_274890,8827
IT_274919,11357
IT_274972,10975
IT_275004,3530
IT_275006,3104
IT_275013,2210
IT_275026,4721
IT_275029,2178
IT_275044,1809
IT_275054,1236
IT_275069,3682
IT_275097,2676
IT_275124,9320
IT_275136,8024
IT_275175,7925
IT_275211,9328
IT_275318,8645
IT_275343,9031
IT_275383,9686
IT_275392,1372
IT_275411,14525
IT_275413,2348
IT_275456,1547
IT_275460,4720
IT_275503,8297
IT_275597,8513
IT_275650,9378
IT_275658,9367
IT_275668,8769
IT_275671,12455
IT_275683,8393
IT_275713,2249
IT_275717,3259
IT_275758,1328
IT_275803,4668
IT_275804,3828
IT_275818,1366
IT_275825,9522
IT_275861,1122
IT_275903,3196
IT_275933,6182
IT_275942,3513
IT_275946,2412
IT_275952,1351
IT_275953,3101
IT_275976,10406
IT_275980,8808
IT_276067,8256
IT_276068,8188
IT_276069,9547
IT_276098,8998
IT_276123,3536
IT_276162,2812
IT_276167,2341
IT_276176,5977
IT_276177,1387
IT_276180,1892
IT_276188,3039
IT_276200,10922
IT_276204,3451
IT_276232,12702
IT_276236,10426
IT_276267,9113
IT_276278,8637
IT_276375,8149
IT_276422,8827
IT_276431,11357
IT_276442,10975
IT_276458,3530
IT_276485,3104
IT_276488,2210
IT_276527,4721
IT_276558,2178
IT_276569,1809
IT_276587,1236
IT_276590,3682
IT_276622,2676
IT_276631,9320
IT_276639,8024
IT_276650,7925
IT_276652,9328
IT_276670,8645
IT_276671,9031
IT_276672,9686
IT_276682,1372
IT_276685,14525
IT_276750,2348
IT_276781,1547
IT_276792,4720
IT_276797,8297
IT_276799,8513
IT_276805,9378
IT_276820,9367
IT_276824,8769
IT_276832,12455
IT_276833,8393
IT_276917,2249
IT_276920,3259
IT_276996,1328
IT_277005,4668
IT_277028,3828
IT_277032,1366
IT_277036,9522
IT_277043,1122
IT_277060,3196
IT_277063,6182
IT_277099,3513
IT_277170,2412
IT_277250,1351
IT_277256,3101
IT_277267,10406
IT_277273,8808
IT_277296,8256
IT_277300,8188
IT_277397,9547
IT_277407,8998
IT_277412,3537
IT_277483,2813
IT_277484,2342
IT_277497,5978
IT_277510,1388
IT_277517,1893
IT_277521,3040
IT_277541,10923
IT_277545,3452
IT_277553,12703
IT_277573,10427
IT_277618,9114
IT_277653,8638
IT_277664,8150
IT_277717,8828
IT_277729,11358
IT_277736,10976
IT_277748,3531
IT_277771,3105
IT_277772,2211
IT_277779,4722
IT_277796,2179
IT_277810,1810
IT_277891,1237
IT_277893,3683
IT_277919,2677
IT_277927,9321
IT_277974,8025
IT_277997,7926
IT_278007,9329
IT_278030,8646
IT_278041,9032
IT_278059,9687
IT_278095,1373
IT_278138,14526
IT_278140,2349
IT_278158,1548
IT_278193,4721
IT_278233,8298
IT_278244,8514
IT_278254,9379
IT_278265,9368
IT_278269,8770
IT_278272,12456
IT_278283,8394
IT_278319,2250
IT_278330,3260
IT_278353,1329
IT_278354,4669
IT_278394,3829
IT_278409,1367
IT_278413,9523
IT_278414,1123
IT_278422,3197
IT_278440,6183
IT_278452,3514
IT_278528,2413
IT_278581,1352
IT_278603,3102
IT_278609,10407
IT_278622,8809
IT_278648,8257
IT_278650,8189
IT_278663,9548
IT_278671,8999
IT_278695,3538
IT_278698,2814
IT_278779,2343
IT_278836,5979
IT_278875,1389
IT_278877,1894
IT_278899,3041
IT_278900,10924
IT_278903,3453
IT_278905,12704
IT_278914,10428
IT_278949,9115
IT_278962,8639
IT_278980,8151
IT_279037,8829
IT_279056,11359
IT_279096,10977
IT_279134,3532
IT_279141,3106
IT_279156,2212
IT_279167,4723
IT_279194,2180
IT_279213,1811
IT_279251,1238
IT_279299,3684
IT_279328,2678
IT_279340,9322
IT_279368,8026
IT_279422,7927
IT_279436,9330
IT_279439,8647
IT_279447,9033
IT_279468,9688
IT_279486,1374
IT_279499,14527
IT_279527,2350
IT_279596,1549
IT_279607,4722
IT_279611,8299
IT_279638,8515
IT_279685,9380
IT_279692,9369
IT_279697,8771
IT_279700,12457
IT_279705,8395
IT_279724,2251
IT_279753,3261
IT_279761,1330
IT_279783,4670
IT_279811,3830
IT_279814,1368
IT_279835,9524
IT_279840,1124
IT_279872,3198
IT_279903,6184
IT_279929,3515
IT_279947,2414
IT_279950,1353
IT_279958,3103
IT_280006,10408
IT_280037,8810
IT_280038,8258
IT_280050,8190
IT_280192,9549
IT_280220,9000
IT_280225,3539
IT_280228,2815
IT_280236,2344
IT_280240,5980
IT_280244,1390
IT_280257,1895
IT_280282,3042
IT_280295,10925
IT_280318,3454
IT_280322,12705
IT_280399,10429
IT_280425,9116
IT_280459,8640
IT_280482,8152
IT_280495,8830
IT_280520,11360
IT_280532,10978
IT_280535,3533
IT_280556,3107
IT_280628,2213
IT_280678,4724
IT_280681,2181
IT_280685,1812
IT_280706,1239
IT_280709,3685
IT_280722,2679
IT_280740,9323
IT_280811,8027
IT_280848,7928
IT_280892,9331
IT_280899,8648
IT_280901,9034
IT_280905,9689
IT_280914,1375
IT_280925,14528
IT_280928,2351
IT_280956,1550
IT_280989,4723
IT_281089,8300
IT_281127,8516
IT_281130,9381
IT_281134,9370
IT_281146,8772
IT_281147,12458
IT_281161,8396
IT_281179,2252
IT_281180,3262
IT_281197,1331
IT_281200,4671
IT_281324,3831
IT_281349,1369
IT_281360,9525
IT_281375,1125
IT_281385,3199
IT_281390,6185
IT_281404,3516
IT_281414,2415
IT_281443,1354
IT_281473,3104
IT_281508,10409
IT_281514,8811
IT_281544,8259
IT_281558,8191
IT_281578,9550
IT_281579,9001
IT_281631,3540
IT_281681,2816
IT_281703,2345
IT_281718,5981
IT_281736,1391
IT_281743,1896
IT_281757,3043
IT_281760,10926
IT_281794,3455
IT_281807,12706
IT_281823,10430
IT_281875,9117
IT_281934,8641
IT_281957,8153
IT_281979,8831
IT_281987,11361
IT_281990,10979
IT_282010,3534
IT_282015,3108
IT_282026,2214
IT_282035,4725
IT_282058,2182
IT_282122,1813
IT_282145,1240
IT_282175,3686
IT_282215,2680
IT_282226,9324
IT_282234,8028
IT_282266,7929
IT_282285,9332
IT_282316,8649
IT_282379,9035
IT_282388,9690
IT_282412,1376
IT_282452,14529
IT_282457,2352
IT_282459,1551
IT_282467,4724
IT_282494,8301
IT_282499,8517
IT_282510,9382
IT_282525,9371
IT_282614,8773
IT_282622,12459
IT_282645,8397
IT_282666,2253
IT_282680,3263
IT_282687,1332
IT_282688,4672
IT_282701,3832
IT_282708,1370
IT_282723,9526
IT_282739,1126
IT_282748,3200
IT_282751,6186
IT_282763,3517
IT_282783,2416
IT_282817,1355
IT_282834,3105
IT_282865,10410
IT_282895,8812
IT_282898,8260
IT_282907,8192
IT_282911,9551
IT_282912,9002
IT_282916,3541
IT_282952,2817
IT_282955,2346
IT_282982,5982
IT_283014,1392
IT_283049,1897
IT_283050,3044
IT_283057,10927
IT_283086,3456
IT_283121,12707
IT_283185,10431
IT_283186,9118
IT_283220,8642
IT_283241,8154
IT_283265,8832
IT_283292,11362
IT_283304,10980
IT_283327,3535
IT_283421,3109
IT_283431,2215
IT_283495,4726
IT_283525,2183
IT_283545,1814
IT_283548,1241
IT_283579,3687
IT_283602,2681
IT_283611,9325
IT_283680,8029
IT_283686,7930
IT_283721,9333
IT_283750,8650
IT_283751,9036
IT_283798,9691
IT_283807,1377
IT_283829,14530
IT_283848,2353
IT_283863,1552
IT_283874,4725
IT_283879,8302
IT_283885,8518
IT_283903,9383
IT_283919,9372
IT_283921,8774
IT_283932,12460
IT_283937,8398
IT_283951,2254
IT_284000,3264
IT_284001,1333
IT_284006,4673
IT_284081,3833
IT_284084,1371
IT_284089,9527
IT_284145,1127
IT_284159,3201
IT_284204,6187
IT_284231,3518
IT_284271,2417
IT_284283,1356
IT_284291,3106
IT_284297,10411
IT_284301,8813
IT_284310,8261
IT_284313,8193
IT_284334,9552
IT_284350,9003
IT_284360,3542
IT_284374,2818
IT_284390,2347
IT_284400,5983
IT_284420,1393
IT_284436,1898
IT_284437,3045
IT_284449,10928
IT_284474,3457
IT_284478,12708
IT_284507,10432
IT_284508,9119
IT_284540,8643
IT_284541,8155
IT_284555,8833
IT_284557,11363
IT_284566,10981
IT_284578,3536
IT_284612,3110
IT_284637,2216
IT_284649,4727
IT_284664,2184
IT_284665,1815
IT_284669,1242
IT_284675,3688
IT_284719,2682
IT_284723,9326
IT_284758,8030
IT_284791,7931
IT_284807,9334
IT_284808,8651
IT_284809,9037
IT_284830,9692
IT_284831,1378
IT_284863,14531
IT_284884,2354
IT_284944,1553
IT_284965,4726
IT_284968,8303
IT_284981,8519
IT_284998,9384
IT_285029,9373
IT_285048,8775
IT_285049,12461
IT_285069,8399
IT_285070,2255
IT_285099,3265
IT_285145,1334
IT_285147,4674
IT_285151,3834
IT_285156,1372
IT_285169,9528
IT_285178,1128
IT_285195,3202
IT_285240,6188
IT_285242,3519
IT_285255,2418
IT_285343,1357
IT_285372,3107
IT_285388,10412
IT_285392,8814
IT_285446,8262
IT_285480,8194
IT_285537,9553
IT_285538,9004
IT_285542,3543
IT_285568,2819
IT_285608,2348
IT_285619,5984
IT_285624,1394
IT_285628,1899
IT_285645,3046
IT_285653,10929
IT_285660,3458
IT_285800,12709
IT_285840,10433
IT_285848,9120
IT_285849,8644
IT_285863,8156
IT_285877,8834
IT_285953,11364
IT_285954,10982
IT_285957,3537
IT_285961,3111
IT_285971,2217
IT_285985,4728
IT_285998,2185
IT_286018,1816
IT_286086,1243
IT_286108,3689
IT_286156,2683
IT_286160,9327
IT_286184,8031
IT_286190,7932
IT_286217,9335
IT_286231,8652
IT_286244,9038
IT_286270,9693
IT_286274,1379
IT_286320,14532
IT_286344,2355
IT_286386,1554
IT_286443,4727
IT_286495,8304
IT_286529,8520
IT_286558,9385
IT_286602,9374
IT_286605,8776
IT_286625,12462
IT_286632,8400
IT_286645,2256
IT_286660,3266
IT_286695,1335
IT_286696,4675
IT_286736,3835
IT_286757,1373
IT_286774,9529
IT_286799,1129
IT_286822,3203
IT_286840,6189
IT_286843,3520
IT_286915,2419
IT_286930,1358
IT_286939,3108
IT_286961,10413
IT_287002,8815
IT_287005,8263
IT_287006,8195
IT_287014,9554
IT_287016,9005
IT_287026,3544
IT_287050,2820
IT_287053,2349
IT_287067,5985
IT_287135,1395
IT_287137,1900
IT_287143,3047
IT_287149,10930
IT_287177,3459
IT_287199,12710
IT_287204,10434
IT_287208,9121
IT_287210,8645
IT_287218,8157
IT_287221,8835
IT_287249,11365
IT_287296,10983
IT_287309,3538
IT_287327,3112
IT_287342,2218
IT_287343,4729
IT_287345,2186
IT_287348,1817
IT_287436,1244
IT_287453,3690
IT_287461,2684
IT_287464,9328
IT_287468,8032
IT_287496,7933
IT_287545,9336
IT_287591,8653
IT_287632,9039
IT_287652,9694
IT_287656,1380
IT_287681,14533
IT_287788,2356
IT_287806,1555
IT_287814,4728
IT_287853,8305
IT_287865,8521
IT_287868,9386
IT_287877,9375
IT_287895,8777
IT_287920,12463
IT_287981,8401
IT_287984,2257
IT_288002,3267
IT_288032,1336
IT_288039,4676
IT_288041,3836
IT_288057,1374
IT_288060,9530
IT_288086,1130
IT_288090,3204
IT_288118,6190
IT_288121,3521
IT_288125,2420
IT_288140,1359
IT_288169,3109
IT_288178,10414
IT_288201,8816
IT_288221,8264
IT_288243,8196
IT_288252,9555
IT_288278,9006
IT_288289,3545
IT_288292,2821
IT_288302,2350
IT_288305,5986
IT_288382,1396
IT_288387,1901
IT_288390,3048
IT_288398,10931
IT_288404,3460
IT_288448,12711
IT_288449,10435
IT_288496,9122
IT_288499,8646
IT_288542,8158
IT_288545,8836
IT_288564,11366
IT_288578,10984
IT_288607,3539
IT_288610,3113
IT_288637,2219
IT_288757,4730
IT_288784,2187
IT_288801,1818
IT_288808,1245
IT_288819,3691
IT_288823,2685
IT_288914,9329
IT_288940,8033
IT_288981,7934
IT_288990,9337
IT_288997,8654
IT_288999,9040
IT_289011,9695
IT_289017,1381
IT_289034,14534
IT_289038,2357
IT_289121,1556
IT_289125,4729
IT_289129,8306
IT_289162,8522
IT_289197,9387
IT_289205,9376
IT_289215,8778
IT_289235,12464
IT_289252,8402
IT_289255,2258
IT_289348,3268
IT_289387,1337
IT_289403,4677
IT_289406,3837
IT_289408,1375
IT_289416,9531
IT_289417,1131
IT_289420,3205
IT_289456,6191
IT_289464,3522
IT_289467,2421
IT_289490,1360
IT_289493,3110
IT_289532,10415
IT_289541,8817
IT_289594,8265
IT_289605,8197
IT_289621,9556
IT_289640,9007
IT_289643,3546
IT_289674,2822
IT_289697,2351
IT_289731,5987
IT_289738,1397
IT_289771,1902
IT_289786,3049
IT_289788,10932
IT_289795,3461
IT_289808,12712
IT_289817,10436
IT_289839,9123
IT_289842,8647
IT_289861,8159
IT_289876,8837
IT_289909,11367
IT_289924,10985
IT_289933,3540
IT_289946,3114
IT_289965,2220
IT_289987,4731
IT_290084,2188
IT_290085,1819
IT_290093,1246
IT_290097,3692
IT_290115,2686
IT_290137,9330
IT_290150,8034
IT_290232,7935
IT_290241,9338
IT_290297,8655
IT_290306,9041
IT_290317,9696
IT_290327,1382
IT_290345,14535
IT_290352,2358
IT_290362,1557
IT_290401,4730
IT_290435,8307
IT_290439,8523
IT_290450,9388
IT_290520,9377
IT_290524,8779
IT_290534,12465
IT_290555,8403
IT_290559,2259
IT_290587,3269
IT_290613,1338
IT_290615,4678
IT_290643,3838
IT_290651,1376
IT_290693,9532
IT_290707,1132
IT_290714,3206
IT_290716,6192
IT_290734,3523
IT_290750,2422
IT_290778,1361
IT_290844,3111
IT_290896,10416
IT_290911,8818
IT_290921,8266
IT_290931,8198
IT_290960,9557
IT_291032,9008
IT_291046,3547
IT_291084,2823
IT_291092,2352
IT_291132,5988
IT_291156,1398
IT_291166,1903
IT_291195,3050
IT_291207,10933
IT_291224,3462
IT_291241,12713
IT_291256,10437
IT_291305,9124
IT_291306,8648
IT_291368,8160
IT_291401,8838
IT_291405,11368
IT_291433,10986
IT_291442,3541
IT_291443,3115
IT_291464,2221
IT_291513,4732
IT_291537,2189
IT_291540,1820
IT_291561,1247
IT_291565,3693
IT_291596,2687
IT_291620,9331
IT_291650,8035
IT_291697,7936
IT_291707,9339
IT_291708,8656
IT_291716,9042
IT_291786,9697
IT_291815,1383
IT_291837,14536
IT_291863,2359
IT_291883,1558
IT_291920,4731
IT_291947,8308
IT_291969,8524
IT_291975,9389
IT_291995,9378
IT_291997,8780
IT_292098,12466
IT_292103,8404
IT_292107,2260
IT_292151,3270
IT_292163,1339
IT_292215,4679
IT_292221,3839
IT_292315,1377
IT_292337,9533
IT_292353,1133
IT_292356,3207
IT_292390,6193
IT_292396,3524
IT_292408,2423
IT_292428,1362
IT_292440,3112
IT_292444,10417
IT_292467,8819
IT_292470,8267
IT_292486,8199
IT_292558,9558
IT_292573,9009
IT_292605,3548
IT_292610,2824
IT_292616,2353
IT_292684,5989
IT_292715,1399
IT_292716,1904
IT_292724,3051
IT_292769,10934
IT_292778,3463
IT_292781,12714
IT_292818,10438
IT_292831,9125
IT_292846,8649
IT_292951,8161
IT_292954,8839
IT_293013,11369
IT_293043,10987
IT_293078,3542
IT_293079,3116
IT_293085,2222
IT_293121,4733
IT_293128,2190
IT_293135,1821
IT_293151,1248
IT_293160,3694
IT_293166,2688
IT_293184,9332
IT_293197,8036
IT_293266,7937
IT_293267,9340
IT_293276,8657
IT_293322,9043
IT_293333,9698
IT_293336,1384
IT_293341,14537
IT_293376,2360
IT_293403,1559
IT_293453,4732
IT_293460,8309
IT_293501,8525
IT_293505,9390
IT_293527,9379
IT_293549,8781
IT_293579,12467
IT_293622,8405
IT_293629,2261
IT_293657,3271
IT_293669,1340
IT_293786,4680
IT_293794,3840
IT_293799,1378
IT_293801,9534
IT_293831,1134
IT_293850,3208
IT_293887,6194
IT_293933,3525
IT_293942,2424
IT_293945,1363
IT_294008,3113
IT_294024,10418
IT_294041,8820
IT_294057,8268
IT_294126,8200
IT_294133,9559
IT_294148,9010
IT_294178,3549
IT_294208,2825
IT_294273,2354
IT_294305,5990
IT_294306,1400
IT_294308,1905
IT_294313,3052
IT_294358,10935
IT_294366,3464
IT_294372,12715
IT_294382,10439
IT_294384,9126
IT_294388,8650
IT_294408,8162
IT_294428,8840
IT_294431,11370
IT_294490,10988
IT_294496,3543
IT_294542,3117
IT_294548,2223
IT_294554,4734
IT_294566,2191
IT_294626,1822
IT_294653,1249
IT_294654,3695
IT_294655,2689
IT_294704,9333
IT_294782,8037
IT_294787,7938
IT_294797,9341
IT_294804,8658
IT_294825,9044
IT_294854,9699
IT_294870,1385
IT_294886,14538
IT_294889,2361
IT_294916,1560
IT_294929,4733
IT_294936,8310
IT_294937,8526
IT_294945,9391
IT_294987,9380
IT_295007,8782
IT_295027,12468
IT_295050,8406
IT_295051,2262
IT_295072,3272
IT_295073,1341
IT_295080,4681
IT_295095,3841
IT_295103,1379
IT_295121,9535
IT_295130,1135
IT_295134,3209
IT_295207,6195
IT_295250,3526
IT_295251,2425
IT_295257,1364
IT_295296,3114
IT_295303,10419
IT_295308,8821
IT_295313,8269
IT_295322,8201
IT_295327,9560
IT_295389,9011
IT_295393,3550
IT_295395,2826
IT_295396,2355
IT_295423,5991
IT_295466,1401
IT_295479,1906
IT_295482,3053
IT_295483,10936
IT_295536,3465
IT_295595,12716
IT_295597,10440
IT_295637,9127
IT_295648,8651
IT_295654,8163
IT_295666,8841
IT_295713,11371
IT_295751,10989
IT_295752,3544
IT_295768,3118
IT_295783,2224
IT_295810,4735
IT_295815,2192
IT_295880,1823
IT_295903,1250
IT_295919,3696
IT_295920,2690
IT_295967,9334
IT_295968,8038
IT_295983,7939
IT_295992,9342
IT_296004,8659
IT_296043,9045
IT_296050,9700
IT_296057,1386
IT_296060,14539
IT_296196,2362
IT_296202,1561
IT_296225,4734
IT_296270,8311
IT_296275,8527
IT_296294,9392
IT_296301,9381
IT_296329,8783
IT_296366,12469
IT_296381,8407
IT_296392,2263
IT_296431,3273
IT_296432,1342
IT_296453,4682
IT_296460,3842
IT_296467,1380
IT_296474,9536
IT_296476,1136
IT_296484,3210
IT_296499,6196
IT_296538,3527
IT_296585,2426
IT_296590,1365
IT_296607,3115
IT_296613,10420
IT_296628,8822
IT_296630,8270
IT_296633,8202
IT_296638,9561
IT_296647,9012
IT_296649,3551
IT_296651,2827
IT_296654,2356
IT_296662,5992
IT_296729,1402
IT_296731,1907
IT_296735,3054
IT_296758,10937
IT_296764,3466
IT_296767,12717
IT_296770,10441
IT_296781,9128
IT_296807,8652
IT_296809,8164
IT_296820,8842
IT_296827,11372
IT_296855,10990
IT_296886,3545
IT_296889,3119
IT_296892,2225
IT_296919,4736
IT_296927,2193
IT_296932,1824
IT_296944,1251
IT_296949,3697
IT_297031,2691
IT_297034,9335
IT_297036,8039
IT_297046,7940
IT_297127,9343
IT_297134,8660
IT_297152,9046
IT_297171,9701
IT_297177,1387
IT_297193,14540
IT_297197,2363
IT_297215,1562
IT_297227,4735
IT_297264,8312
IT_297279,8528
IT_297282,9393
IT_297284,9382
IT_297311,8784
IT_297361,12470
IT_297403,8408
IT_297439,2264
IT_297449,3274
IT_297452,1343
IT_297454,4683
IT_297477,3843
IT_297488,1381
IT_297489,9537
IT_297492,1137
IT_297493,3211
IT_297501,6197
IT_297505,3528
IT_297508,2427
IT_297556,1366
IT_297591,3116
IT_297610,10421
IT_297614,8823
IT_297629,8271
IT_297640,8203
IT_297643,9562
IT_297645,9013
IT_297646,3552
IT_297661,2828
IT_297678,2357
IT_297687,5993
IT_297690,1403
IT_297753,1908
IT_297781,3055
IT_297795,10938
IT_297821,3467
IT_297824,12718
IT_297825,10442
IT_297828,9129
IT_297869,8653
IT_297880,8165
IT_297894,8843
IT_297918,11373
IT_297924,10991
IT_297929,3546
IT_297973,3120
IT_297982,2226
IT_297993,4737
IT_298010,2194
IT_298014,1825
IT_298015,1252
IT_298023,3698
IT_298028,2692
IT_298044,9336
IT_298059,8040
IT_298064,7941
IT_298090,9344
IT_298095,8661
IT_298106,9047
IT_298171,9702
IT_298182,1388
IT_298199,14541
IT_298254,2364
IT_298321,1563
IT_298342,4736
IT_298348,8313
IT_298366,8529
IT_298368,9394
IT_298371,9383
IT_298454,8785
IT_298474,12471
IT_298577,8409
IT_298610,2265
IT_298617,3275
IT_298623,1344
IT_298628,4684
IT_298629,3844
IT_298640,1382
IT_298650,9538
IT_298671,1138
IT_298725,3212
IT_298732,6198
IT_298734,3529
IT_298739,2428
IT_298785,1367
IT_298819,3117
IT_298821,10422
IT_298843,8824
IT_298880,8272
IT_298883,8204
IT_298887,9563
IT_298894,9014
IT_298899,3553
IT_298929,2829
IT_298941,2358
IT_299009,5994
IT_299036,1404
IT_299046,1909
IT_299085,3056
IT_299099,10939
IT_299110,3468
IT_299111,12719
IT_299118,10443
IT_299153,9130
IT_299158,8654
IT_299169,8166
IT_299205,8844
IT_299246,11374
IT_299247,10992
IT_299270,3547
IT_299304,3121
IT_299314,2227
IT_299316,4738
IT_299330,2195
IT_299354,1826
IT_299371,1253
IT_299383,3699
IT_299399,2693
IT_299417,9337
IT_299421,8041
IT_299455,7942
IT_299457,9345
IT_299473,8662
IT_299483,9048
IT_299491,9703
IT_299494,1389
IT_299546,14542
IT_299573,2365
IT_299576,1564
IT_299589,4737
IT_299593,8314
IT_299606,8530
IT_299617,9395
IT_299629,9384
IT_299632,8786
IT_299642,12472
IT_299650,8410
IT_299664,2266
IT_299689,3276
IT_299692,1345
IT_299698,4685
IT_299708,3845
IT_299722,1383
IT_299726,9539
IT_299731,1139
IT_299769,3213
IT_299780,6199
IT_299792,3530
IT_299793,2429
IT_299796,1368
IT_299797,3118
IT_299840,10423
IT_299848,8825
IT_299859,8273
IT_299865,8205
IT_299869,9564
IT_299872,9015
IT_299877,3554
IT_299889,2830
IT_299910,2359
IT_299951,5995
IT_299991,1405
IT_299993,1910
IT_299995,3057
IT_299997,10940
IT_300004,3469
IT_300011,12720
IT_300018,10444
IT_300022,9131
IT_300048,8655
IT_300059,8167
IT_300068,8845
IT_300100,11375
IT_300108,10993
IT_300125,3548
IT_300147,3122
IT_300148,2228
IT_300158,4739
IT_300162,2196
IT_300171,1827
IT_300224,1254
IT_300261,3700
IT_300263,2694
IT_300305,9338
IT_300311,8042
IT_300338,7943
IT_300360,9346
IT_300388,8663
IT_300389,9049
IT_300401,9704
IT_300410,1390
IT_300411,14543
IT_300426,2366
IT_300430,1565
IT_300458,4738
IT_300466,8315
IT_300473,8531
IT_300478,9396
IT_300484,9385
IT_300551,8787
IT_300571,12473
IT_300581,8411
IT_300585,2267
IT_300592,3277
IT_300602,1346
IT_300617,4686
IT_300622,3846
IT_300690,1384
IT_300705,9540
IT_300716,1140
IT_300731,3214
IT_300732,6200
IT_300755,3531
IT_300776,2430
IT_300784,1369
IT_300806,3119
IT_300849,10424
IT_300853,8826
IT_300866,8274
IT_300890,8206
IT_300895,9565
IT_300910,9016
IT_300930,3555
IT_300942,2831
IT_300948,2360
IT_300968,5996
IT_301016,1406
IT_301018,1911
IT_301044,3058
IT_301078,10941
IT_301083,3470
IT_301097,12721
IT_301099,10445
IT_301108,9132
IT_301113,8656
IT_301188,8168
IT_301191,8846
IT_301193,11376
IT_301198,10994
IT_301235,3549
IT_301242,3123
IT_301246,2229
IT_301249,4740
IT_301253,2197
IT_301267,1828
IT_301315,1255
IT_301316,3701
IT_301339,2695
IT_301351,9339
IT_301362,8043
IT_301364,7944
IT_301367,9347
IT_301370,8664
IT_301372,9050
IT_301377,9705
IT_301379,1391
IT_301383,14544
IT_301385,2367
IT_301389,1566
IT_301406,4739
IT_301464,8316
IT_301491,8532
IT_301508,9397
IT_301510,9386
IT_301527,8788
IT_301538,12474
IT_301561,8412
IT_301566,2268
IT_301580,3278
IT_301603,1347
IT_301625,4687
IT_301627,3847
IT_301659,1385
IT_301691,9541
IT_301695,1141
IT_301697,3215
IT_301699,6201
IT_301706,3532
IT_301713,2431
IT_301716,1370
IT_301738,3120
IT_301739,10425
IT_301757,8827
IT_301772,8275
IT_301818,8207
IT_301845,9566
IT_301849,9017
IT_301852,3556
IT_301853,2832
IT_301877,2361
IT_301900,5997
IT_301976,1407
IT_301988,1912
IT_301990,3059
IT_302019,10942
IT_302023,3471
IT_302027,12722
IT_302030,10446
IT_302033,9133
IT_302038,8657
IT_302046,8169
IT_302090,8847
IT_302098,11377
IT_302117,10995
IT_302128,3550
IT_302161,3124
IT_302177,2230
IT_302186,4741
IT_302200,2198
IT_302202,1829
IT_302210,1256
IT_302217,3702
IT_302222,2696
IT_302253,9340
IT_302288,8044
IT_302290,7945
IT_302298,9348
IT_302305,8665
IT_302321,9051
IT_302324,9706
IT_302343,1392
IT_302345,14545
IT_302353,2368
IT_302356,1567
IT_302358,4740
IT_302365,8317
IT_302367,8533
IT_302418,9398
IT_302440,9387
IT_302442,8789
IT_302445,12475
IT_302447,8413
IT_302454,2269
IT_302459,3279
IT_302469,1348
IT_302482,4688
IT_302486,3848
IT_302498,1386
IT_302501,9542
IT_302526,1142
IT_302529,3216
IT_302556,6202
IT_302557,3533
IT_302561,2432
IT_302564,1371
IT_302583,3121
IT_302605,10426
IT_302624,8828
IT_302654,8276
IT_302658,8208
IT_302674,9567
IT_302679,9018
IT_302695,3557
IT_302703,2833
IT_302711,2362
IT_302728,5998
IT_302781,1408
IT_302808,1913
IT_302848,3060
IT_302861,10943
IT_302866,3472
IT_302869,12723
IT_302880,10447
IT_302897,9134
IT_302935,8658
IT_302940,8170
IT_302953,8848
IT_302959,11378
IT_302965,10996
IT_302979,3551
IT_303004,3125
IT_303011,2231
IT_303015,4742
IT_303016,2199
IT_303019,1830
IT_303034,1257
IT_303052,3703
IT_303056,2697
IT_303062,9341
IT_303113,8045
IT_303119,7946
IT_303136,9349
IT_303158,8666
IT_303169,9052
IT_303220,9707
IT_303260,1393
IT_303281,14546
IT_303298,2369
IT_303303,1568
IT_303317,4741
IT_303320,8318
IT_303333,8534
IT_303357,9399
IT_303361,9388
IT_303378,8790
IT_303393,12476
IT_303408,8414
IT_303427,2270
IT_303441,3280
IT_303445,1349
IT_303452,4689
IT_303458,3849
IT_303460,1387
IT_303463,9543
IT_303464,1143
IT_303465,3217
IT_303467,6203
IT_303469,3534
IT_303481,2433
IT_303516,1372
IT_303525,3122
IT_303543,10427
IT_303558,8829
IT_303563,8277
IT_303585,8209
IT_303618,9568
IT_303622,9019
IT_303627,3558
IT_303635,2834
IT_303663,2363
IT_303665,5999
IT_303672,1409
IT_303678,1914
IT_303679,3061
IT_303682,10944
IT_303686,3473
IT_303710,12724
IT_303721,10448
IT_303743,9135
IT_303794,8659
IT_303818,8171
IT_303836,8849
IT_303837,11379
IT_303841,10997
IT_303865,3552
IT_303868,3126
IT_303886,2232
IT_303892,4743
IT_303911,2200
IT_303914,1831
IT_303928,1258
IT_303943,3704
IT_303948,2698
IT_303959,9342
IT_303976,8046
IT_303994,7947
IT_303999,9350
IT_304004,8667
IT_304009,9053
IT_304040,9708
IT_304057,1394
IT_304067,14547
IT_304072,2370
IT_304085,1569
IT_304108,4742
IT_304115,8319
IT_304134,8535
IT_304147,9400
IT_304157,9389
IT_304169,8791
IT_304176,12477
IT_304179,8415
IT_304208,2271
IT_304230,3281
IT_304288,1350
IT_304301,4690
IT_304308,3850
IT_304310,1388
IT_304311,9544
IT_304325,1144
IT_304328,3218
IT_304330,6204
IT_304338,3535
IT_304342,2434
IT_304353,1373
IT_304361,3123
IT_304391,10428
IT_304423,8830
IT_304425,8278
IT_304439,8210
IT_304443,9569
IT_304454,9020
IT_304459,3559
IT_304463,2835
IT_304476,2364
IT_304479,6000
IT_304496,1410
IT_304512,1915
IT_304529,3062
IT_304540,10945
IT_304554,3474
IT_304597,12725
IT_304623,10449
IT_304649,9136
IT_304670,8660
IT_304677,8172
IT_304685,8850
IT_304689,11380
IT_304715,10998
IT_304718,3553
IT_304787,3127
IT_304788,2233
IT_304789,4744
IT_304794,2201
IT_304820,1832
IT_304827,1259
IT_304828,3705
IT_304835,2699
IT_304842,9343
IT_304859,8047
IT_304869,7948
IT_304899,9351
IT_304904,8668
IT_304930,9054
IT_304933,9709
IT_304935,1395
IT_304946,14548
IT_304955,2371
IT_304976,1570
IT_304981,4743
IT_304982,8320
IT_304990,8536
IT_305005,9401
IT_305040,9390
IT_305062,8792
IT_305063,12478
IT_305095,8416
IT_305101,2272
IT_305107,3282
IT_305110,1351
IT_305112,4691
IT_305160,3851
IT_305189,1389
IT_305190,9545
IT_305194,1145
IT_305207,3219
IT_305211,6205
IT_305242,3536
IT_305244,2435
IT_305247,1374
IT_305252,3124
IT_305269,10429
IT_305309,8831
IT_305328,8279
IT_305331,8211
IT_305341,9570
IT_305355,9021
IT_305359,3560
IT_305360,2836
IT_305368,2365
IT_305391,6001
IT_305439,1411
IT_305471,1916
IT_305476,3063
IT_305479,10946
IT_305498,3475
IT_305535,12726
IT_305554,10450
IT_305569,9137
IT_305594,8661
IT_305602,8173
IT_305610,8851
IT_305624,11381
IT_305690,10999
IT_305708,3554
IT_305727,3128
IT_305743,2234
IT_305758,4745
IT_305770,2202
IT_305775,1833
IT_305796,1260
IT_305808,3706
IT_305825,2700
IT_305830,9344
IT_305832,8048
IT_305835,7949
IT_305849,9352
IT_305853,8669
IT_305873,9055
IT_305881,9710
IT_305892,1396
IT_305914,14549
IT_305945,2372
IT_305977,1571
IT_305980,4744
IT_305985,8321
IT_305992,8537
IT_306002,9402
IT_306019,9391
IT_306027,8793
IT_306040,12479
IT_306041,8417
IT_306045,2273
IT_306057,3283
IT_306062,1352
IT_306065,4692
IT_306127,3852
IT_306134,1390
IT_306178,9546
IT_306256,1146
IT_306259,3220
IT_306264,6206
IT_306276,3537
IT_306292,2436
IT_306293,1375
IT_306302,3125
IT_306312,10430
IT_306315,8832
IT_306340,8280
IT_306373,8212
IT_306375,9571
IT_306392,9022
IT_306395,3561
IT_306412,2837
IT_306421,2366
IT_306440,6002
IT_306451,1412
IT_306467,1917
IT_306469,3064
IT_306490,10947
IT_306492,3476
IT_306510,12727
IT_306540,10451
IT_306547,9138
IT_306553,8662
IT_306560,8174
IT_306564,8852
IT_306613,11382
IT_306617,11000
IT_306618,3555
IT_306651,3129
IT_306654,2235
IT_306658,4746
IT_306659,2203
IT_306676,1834
IT_306702,1261
IT_306709,3707
IT_306714,2701
IT_306772,9345
IT_306773,8049
IT_306777,7950
IT_306785,9353
IT_306794,8670
IT_306814,9056
IT_306819,9711
IT_306831,1397
IT_306852,14550
IT_306857,2373
IT_306921,1572
IT_306936,4745
IT_306957,8322
IT_306978,8538
IT_306996,9403
IT_307004,9392
IT_307064,8794
IT_307065,12480
IT_307066,8418
IT_307081,2274
IT_307099,3284
IT_307104,1353
IT_307114,4693
IT_307117,3853
IT_307144,1391
IT_307150,9547
IT_307153,1147
IT_307164,3221
IT_307168,6207
IT_307228,3538
IT_307244,2437
IT_307250,1376
IT_307259,3126
IT_307265,10431
IT_307330,8833
IT_307358,8281
IT_307360,8213
IT_307379,9572
IT_307395,9023
IT_307434,3562
IT_307452,2838
IT_307478,2367
IT_307479,6003
IT_307493,1413
IT_307502,1918
IT_307517,3065
IT_307528,10948
IT_307554,3477
IT_307578,12728
IT_307584,10452
IT_307610,9139
IT_307611,8663
IT_307618,8175
IT_307665,8853
IT_307714,11383
IT_307721,11001
IT_307727,3556
IT_307732,3130
IT_307737,2236
IT_307752,4747
IT_307754,2204
IT_307755,1835
IT_307773,1262
IT_307785,3708
IT_307798,2702
IT_307850,9346
IT_307851,8050
IT_307856,7951
IT_307858,9354
IT_307859,8671
IT_307870,9057
IT_307874,9712
IT_307895,1398
IT_307897,14551
IT_307898,2374
IT_307906,1573
IT_307920,4746
IT_307941,8323
IT_308011,8539
IT_308017,9404
IT_308033,9393
IT_308040,8795
IT_308047,12481
IT_308059,8419
IT_308061,2275
IT_308063,3285
IT_308070,1354
IT_308082,4694
IT_308120,3854
IT_308146,1392
IT_308157,9548
IT_308159,1148
IT_308165,3222
IT_308166,6208
IT_308185,3539
IT_308198,2438
IT_308211,1377
IT_308233,3127
IT_308252,10432
IT_308253,8834
IT_308267,8282
IT_308270,8214
IT_308273,9573
IT_308280,9024
IT_308346,3563
IT_308355,2839
IT_308380,2368
IT_308384,6004
IT_308395,1414
IT_308399,1919
IT_308412,3066
IT_308417,10949
IT_308424,3478
IT_308433,12729
IT_308442,10453
IT_308473,9140
IT_308479,8664
IT_308498,8176
IT_308509,8854
IT_308515,11384
IT_308516,11002
IT_308528,3557
IT_308533,3131
IT_308544,2237
IT_308552,4748
IT_308555,2205
IT_308559,1836
IT_308603,1263
IT_308619,3709
IT_308622,2703
IT_308637,9347
IT_308651,8051
IT_308658,7952
IT_308671,9355
IT_308677,8672
IT_308679,9058
IT_308680,9713
IT_308693,1399
IT_308698,14552
IT_308701,2375
IT_308724,1574
IT_308755,4747
IT_308759,8324
IT_308760,8540
IT_308777,9405
IT_308801,9394
IT_308802,8796
IT_308808,12482
IT_308812,8420
IT_308816,2276
IT_308820,3286
IT_308823,1355
IT_308841,4695
IT_308843,3855
IT_308890,1393
IT_308897,9549
IT_308904,1149
IT_308921,3223
IT_308933,6209
IT_308939,3540
IT_308956,2439
IT_308963,1378
IT_308999,3128
IT_309012,10433
IT_309014,8835
IT_309016,8283
IT_309039,8215
IT_309073,9574
IT_309078,9025
IT_309106,3564
IT_309120,2840
IT_309124,2369
IT_309128,6005
IT_309183,1415
IT_309189,1920
IT_309204,3067
IT_309205,10950
IT_309209,3479
IT_309212,12730
IT_309218,10454
IT_309244,9141
IT_309298,8665
IT_309313,8177
IT_309317,8855
IT_309336,11385
IT_309354,11003
IT_309374,3558
IT_309393,3132
IT_309433,2238
IT_309437,4749
IT_309445,2206
IT_309460,1837
IT_309468,1264
IT_309477,3710
IT_309490,2704
IT_309522,9348
IT_309559,8052
IT_309573,7953
IT_309614,9356
IT_309631,8673
IT_309644,9059
IT_309667,9714
IT_309676,1400
IT_309697,14553
IT_309709,2376
IT_309720,1575
IT_309746,4748
IT_309754,8325
IT_309757,8541
IT_309760,9406
IT_309765,9395
IT_309767,8797
IT_309782,12483
IT_309821,8421
IT_309824,2277
IT_309848,3287
IT_309850,1356
IT_309870,4696
IT_309892,3856
IT_309914,1394
IT_309945,9550
IT_309948,1150
IT_309969,3224
IT_309977,6210
IT_309986,3541
IT_309995,2440
IT_310000,1379
IT_310003,3129
IT_310026,10434
IT_310045,8836
IT_310051,8284
IT_310065,8216
IT_310076,9575
IT_310083,9026
IT_310086,3565
IT_310093,2841
IT_310103,2370
IT_310119,6006
IT_310149,1416
IT_310167,1921
IT_310185,3068
IT_310190,10951
IT_310218,3480
IT_310223,12731
IT_310256,10455
IT_310276,9142
IT_310286,8666
IT_310307,8178
IT_310316,8856
IT_310337,11386
IT_310343,11004
IT_310376,3559
IT_310383,3133
IT_310384,2239
IT_310389,4750
IT_310414,2207
IT_310415,1838
IT_310427,1265
IT_310443,3711
IT_310447,2705
IT_310459,9349
IT_310476,8053
IT_310485,7954
IT_310501,9357
IT_310502,8674
IT_310503,9060
IT_310506,9715
IT_310530,1401
IT_310531,14554
IT_310536,2377
IT_310560,1576
IT_310566,4749
IT_310576,8326
IT_310600,8542
IT_310608,9407
IT_310612,9396
IT_310661,8798
IT_310665,12484
IT_310670,8422
IT_310696,2278
IT_310721,3288
IT_310732,1357
IT_310741,4697
IT_310764,3857
IT_310775,1395
IT_310795,9551
IT_310796,1151
IT_310812,3225
IT_310814,6211
IT_310828,3542
IT_310831,2441
IT_310862,1380
IT_310872,3130
IT_310884,10435
IT_310885,8837
IT_310886,8285
IT_310892,8217
IT_310894,9576
IT_310917,9027
IT_310918,3566
IT_310932,2842
IT_310946,2371
IT_310950,6007
IT_310953,1417
IT_310997,1922
IT_310999,3069
IT_311011,10952
IT_311014,3481
IT_311035,12732
IT_311036,10456
IT_311071,9143
IT_311109,8667
IT_311110,8179
IT_311111,8857
IT_311115,11387
IT_311116,11005
IT_311136,3560
IT_311144,3134
IT_311157,2240
IT_311170,4751
IT_311205,2208
IT_311206,1839
IT_311215,1266
IT_311234,3712
IT_311237,2706
IT_311243,9350
IT_311252,8054
IT_311273,7955
IT_311290,9358
IT_311326,8675
IT_311333,9061
IT_311345,9716
IT_311358,1402
IT_311374,14555
IT_311385,2378
IT_311399,1577
IT_311401,4750
IT_311402,8327
IT_311409,8543
IT_311430,9408
IT_311439,9397
IT_311507,8799
IT_311518,12485
IT_311524,8423
IT_311536,2279
IT_311573,3289
IT_311609,1358
IT_311640,4698
IT_311652,3858
IT_311666,1396
IT_311667,9552
IT_311704,1152
IT_311707,3226
IT_311709,6212
IT_311719,3543
IT_311725,2442
IT_311740,1381
IT_311751,3131
IT_311752,10436
IT_311763,8838
IT_311805,8286
IT_311817,8218
IT_311841,9577
IT_311857,9028
IT_311866,3567
IT_311896,2843
IT_311904,2372
IT_311910,6008
IT_311928,1418
IT_311929,1923
IT_311965,3070
IT_311968,10953
IT_311977,3482
IT_312004,12733
IT_312010,10457
IT_312016,9144
IT_312018,8668
IT_312031,8180
IT_312044,8858
IT_312060,11388
IT_312063,11006
IT_312082,3561
IT_312097,3135
IT_312131,2241
IT_312139,4752
IT_312159,2209
IT_312170,1840
IT_312180,1267
IT_312184,3713
IT_312201,2707
IT_312229,9351
IT_312247,8055
IT_312264,7956
IT_312265,9359
IT_312274,8676
IT_312283,9062
IT_312297,9717
IT_312334,1403
IT_312350,14556
IT_312387,2379
IT_312423,1578
IT_312434,4751
IT_312439,8328
IT_312443,8544
IT_312449,9409
IT_312465,9398
IT_312468,8800
IT_312473,12486
IT_312479,8424
IT_312504,2280
IT_312510,3290
IT_312532,1359
IT_312554,4699
IT_312556,3859
IT_312585,1397
IT_312621,9553
IT_312623,1153
IT_312624,3227
IT_312628,6213
IT_312631,3544
IT_312641,2443
IT_312674,1382
IT_312695,3132
IT_312711,10437
IT_312712,8839
IT_312721,8287
IT_312758,8219
IT_312802,9578
IT_312805,9029
IT_312809,3568
IT_312815,2844
IT_312820,2373
IT_312835,6009
IT_312841,1419
IT_312851,1924
IT_312854,3071
IT_312865,10954
IT_312897,3483
IT_312903,12734
IT_312946,10458
IT_312952,9145
IT_312965,8669
IT_312970,8181
IT_312991,8859
IT_312994,11389
IT_312995,11007
IT_312997,3562
IT_313002,3136
IT_313004,2242
IT_313045,4753
IT_313054,2210
IT_313064,1841
IT_313071,1268
IT_313117,3714
IT_313119,2708
IT_313124,9352
IT_313148,8056
IT_313155,7957
IT_313161,9360
IT_313164,8677
IT_313169,9063
IT_313211,9718
IT_313219,1404
IT_313232,14557
IT_313239,2380
IT_313240,1579
IT_313248,4752
IT_313251,8329
IT_313266,8545
IT_313279,9410
IT_313297,9399
IT_313319,8801
IT_313320,12487
IT_313327,8425
IT_313338,2281
IT_313339,3291
IT_313372,1360
IT_313401,4700
IT_313403,3860
IT_313423,1398
IT_313433,9554
IT_313443,1154
IT_313468,3228
IT_313472,6214
IT_313495,3545
IT_313510,2444
IT_313525,1383
IT_313537,3133
IT_313561,10438
IT_313562,8840
IT_313577,8288
IT_313600,8220
IT_313625,9579
IT_313650,9030
IT_313680,3569
IT_313682,2845
IT_313700,2374
IT_313726,6010
IT_313730,1420
IT_313770,1925
IT_313783,3072
IT_313784,10955
IT_313804,3484
IT_313812,12735
IT_313821,10459
IT_313832,9146
IT_313853,8670
IT_313879,8182
IT_313897,8860
IT_313905,11390
IT_313929,11008
IT_313952,3563
IT_313969,3137
IT_314000,2243
IT_314016,4754
IT_314022,2211
IT_314029,1842
IT_314059,1269
IT_314103,3715
IT_314131,2709
IT_314180,9353
IT_314182,8057
IT_314195,7958
IT_314202,9361
IT_314212,8678
IT_314214,9064
IT_314220,9719
IT_314248,1405
IT_314249,14558
IT_314253,2381
IT_314271,1580
IT_314279,4753
IT_314292,8330
IT_314294,8546
IT_314295,9411
IT_314299,9400
IT_314321,8802
IT_314334,12488
IT_314376,8426
IT_314377,2282
IT_314382,3292
IT_314384,1361
IT_314389,4701
IT_314399,3861
IT_314435,1399
IT_314440,9555
IT_314444,1155
IT_314453,3229
IT_314458,6215
IT_314488,3546
IT_314490,2445
IT_314492,1384
IT_314509,3134
IT_314536,10439
IT_314539,8841
IT_314548,8289
IT_314551,8221
IT_314565,9580
IT_314594,9031
IT_314596,3570
IT_314600,2846
IT_314606,2375
IT_314617,6011
IT_314621,1421
IT_314646,1926
IT_314649,3073
IT_314656,10956
IT_314664,3485
IT_314693,12736
IT_314695,10460
IT_314698,9147
IT_314699,8671
IT_314701,8183
IT_314711,8861
IT_314713,11391
IT_314718,11009
IT_314719,3564
IT_314739,3138
IT_314741,2244
IT_314743,4755
IT_314754,2212
IT_314757,1843
IT_314822,1270
IT_314849,3716
IT_314858,2710
IT_314879,9354
IT_314886,8058
IT_314912,7959
IT_314968,9362
IT_314970,8679
IT_314979,9065
IT_314994,9720
IT_315012,1406
IT_315017,14559
IT_315025,2382
IT_315040,1581
IT_315065,4754
IT_315069,8331
IT_315073,8547
IT_315075,9412
IT_315083,9401
IT_315088,8803
IT_315095,12489
IT_315097,8427
IT_315102,2283
IT_315116,3293
IT_315133,1362
IT_315138,4702
IT_315139,3862
IT_315144,1400
IT_315181,9556
IT_315186,1156
IT_315206,3230
IT_315207,6216
IT_315219,3547
IT_315246,2446
IT_315307,1385
IT_315313,3135
IT_315314,10440
IT_315322,8842
IT_315386,8290
IT_315391,8222
IT_315398,9581
IT_315404,9032
IT_315409,3571
IT_315413,2847
IT_315424,2376
IT_315427,6012
IT_315430,1422
IT_315436,1927
IT_315437,3074
IT_315459,10957
IT_315461,3486
IT_315473,12737
IT_315476,10461
IT_315478,9148
IT_315506,8672
IT_315519,8184
IT_315520,8862
IT_315526,11392
IT_315539,11010
IT_315548,3565
IT_315554,3139
IT_315559,2245
IT_315560,4756
IT_315570,2213
IT_315579,1844
IT_315588,1271
IT_315589,3717
IT_315590,2711
IT_315602,9355
IT_315634,8059
IT_315635,7960
IT_315642,9363
IT_315653,8680
IT_315660,9066
IT_315667,9721
IT_315680,1407
IT_315687,14560
IT_315690,2383
IT_315736,1582
IT_315754,4755
IT_315757,8332
IT_315772,8548
IT_315773,9413
IT_315780,9402
IT_315785,8804
IT_315797,12490
IT_315798,8428
IT_315804,2284
IT_315806,3294
IT_315816,1363
IT_315855,4703
IT_315857,3863
IT_315859,1401
IT_315865,9557
IT_315872,1157
IT_315878,3231
IT_315890,6217
IT_315908,3548
IT_315912,2447
IT_315938,1386
IT_315945,3136
IT_315962,10441
IT_315963,8843
IT_315971,8291
IT_315983,8223
IT_315989,9582
IT_315998,9033
IT_316012,3572
IT_316024,2848
IT_316031,2377
IT_316039,6013
IT_316041,1423
IT_316080,1928
IT_316084,3075
IT_316086,10958
IT_316094,3487
IT_316106,12738
IT_316107,10462
IT_316108,9149
IT_316135,8673
IT_316139,8185
IT_316145,8863
IT_316149,11393
IT_316172,11011
IT_316176,3566
IT_316184,3140
IT_316197,2246
IT_316219,4757
IT_316240,2214
IT_316263,1845
IT_316272,1272
IT_316302,3718
IT_316305,2712
IT_316314,9356
IT_316358,8060
IT_316363,7961
IT_316365,9364
IT_316374,8681
IT_316380,9067
IT_316389,9722
IT_316398,1408
IT_316404,14561
IT_316408,2384
IT_316422,1583
IT_316442,4756
IT_316445,8333
IT_316452,8549
IT_316457,9414
IT_316464,9403
IT_316475,8805
IT_316476,12491
IT_316483,8429
IT_316504,2285
IT_316512,3295
IT_316518,1364
IT_316558,4704
IT_316562,3864
IT_316568,1402
IT_316583,9558
IT_316590,1158
IT_316603,3232
IT_316613,6218
IT_316615,3549
IT_316620,2448
IT_316664,1387
IT_316670,3137
IT_316673,10442
IT_316676,8844
IT_316677,8292
IT_316682,8224
IT_316699,9583
IT_316706,9034
IT_316709,3573
IT_316711,2849
IT_316715,2378
IT_316750,6014
IT_316756,1424
IT_316769,1929
IT_316775,3076
IT_316783,10959
IT_316792,3488
IT_316794,12739
IT_316801,10463
IT_316831,9150
IT_316845,8674
IT_316855,8186
IT_316869,8864
IT_316888,11394
IT_316902,11012
IT_316908,3567
IT_316909,3141
IT_316910,2247
IT_316943,4758
IT_316948,2215
IT_316953,1846
IT_316957,1273
IT_316961,3719
IT_317007,2713
IT_317013,9357
IT_317028,8061
IT_317052,7962
IT_317062,9365
IT_317091,8682
IT_317122,9068
IT_317130,9723
IT_317138,1409
IT_317139,14562
IT_317145,2385
IT_317146,1584
IT_317175,4757
IT_317180,8334
IT_317188,8550
IT_317207,9415
IT_317233,9404
IT_317251,8806
IT_317255,12492
IT_317256,8430
IT_317257,2286
IT_317275,3296
IT_317276,1365
IT_317279,4705
IT_317289,3865
IT_317293,1403
IT_317336,9559
IT_317361,1159
IT_317379,3233
IT_317393,6219
IT_317403,3550
IT_317404,2449
IT_317405,1388
IT_317447,3138
IT_317455,10443
IT_317488,8845
IT_317516,8293
IT_317533,8225
IT_317538,9584
IT_317543,9035
IT_317576,3574
IT_317580,2850
IT_317586,2379
IT_317594,6015
IT_317602,1425
IT_317622,1930
IT_317624,3077
IT_317626,10960
IT_317631,3489
IT_317680,12740
IT_317688,10464
IT_317700,9151
IT_317730,8675
IT_317765,8187
IT_317776,8865
IT_317785,11395
IT_317790,11013
IT_317808,3568
IT_317816,3142
IT_317827,2248
IT_317833,4759
IT_317835,2216
IT_317839,1847
IT_317845,1274
IT_317864,3720
IT_317879,2714
IT_317891,9358
IT_317907,8062
IT_317909,7963
IT_317914,9366
IT_317932,8683
IT_317939,9069
IT_317948,9724
IT_317952,1410
IT_317983,14563
IT_317998,2386
IT_318002,1585
IT_318017,4758
IT_318024,8335
IT_318045,8551
IT_318050,9416
IT_318055,9405
IT_318056,8807
IT_318060,12493
IT_318064,8431
IT_318069,2287
IT_318109,3297
IT_318110,1366
IT_318113,4706
IT_318125,3866
IT_318145,1404
IT_318155,9560
IT_318156,1160
IT_318160,3234
IT_318164,6220
IT_318165,3551
IT_318181,2450
IT_318190,1389
IT_318214,3139
IT_318230,10444
IT_318232,8846
IT_318233,8294
IT_318240,8226
IT_318249,9585
IT_318250,9036
IT_318262,3575
IT_318267,2851
IT_318273,2380
IT_318275,6016
IT_318280,1426
IT_318286,1931
IT_318325,3078
IT_318330,10961
IT_318333,3490
IT_318350,12741
IT_318363,10465
IT_318377,9152
IT_318384,8676
IT_318385,8188
IT_318389,8866
IT_318404,11396
IT_318421,11014
IT_318438,3569
IT_318455,3143
IT_318458,2249
IT_318464,4760
IT_318468,2217
IT_318470,1848
IT_318476,1275
IT_318489,3721
IT_318498,2715
IT_318499,9359
IT_318526,8063
IT_318549,7964
IT_318562,9367
IT_318567,8684
IT_318603,9070
IT_318649,9725
IT_318667,1411
IT_318670,14564
IT_318679,2387
IT_318690,1586
IT_318698,4759
IT_318700,8336
IT_318732,8552
IT_318736,9417
IT_318756,9406
IT_318763,8808
IT_318771,12494
IT_318773,8432
IT_318777,2288
IT_318786,3298
IT_318797,1367
IT_318800,4707
IT_318811,3867
IT_318836,1405
IT_318839,9561
IT_318840,1161
IT_318859,3235
IT_318861,6221
IT_318883,3552
IT_318894,2451
IT_318907,1390
IT_318920,3140
IT_318934,10445
IT_318945,8847
IT_318963,8295
IT_318989,8227
IT_318995,9586
IT_319013,9037
IT_319015,3576
IT_319034,2852
IT_319045,2381
IT_319051,6017
IT_319062,1427
IT_319067,1932
IT_319120,3079
IT_319125,10962
IT_319139,3491
IT_319141,12742
IT_319149,10466
IT_319153,9153
IT_319173,8677
IT_319177,8189
IT_319183,8867
IT_319213,11397
IT_319218,11015
IT_319219,3570
IT_319220,3144
IT_319229,2250
IT_319241,4761
IT_319243,2218
IT_319249,1849
IT_319290,1276
IT_319292,3722
IT_319330,2716
IT_319345,9360
IT_319350,8064
IT_319364,7965
IT_319379,9368
IT_319393,8685
IT_319395,9071
IT_319400,9726
IT_319409,1412
IT_319436,14565
IT_319444,2388
IT_319452,1587
IT_319472,4760
IT_319476,8337
IT_319496,8553
IT_319497,9418
IT_319519,9407
IT_319531,8809
IT_319533,12495
IT_319534,8433
IT_319537,2289
IT_319562,3299
IT_319563,1368
IT_319575,4708
IT_319582,3868
IT_319594,1406
IT_319633,9562
IT_319648,1162
IT_319656,3236
IT_319676,6222
IT_319703,3553
IT_319719,2452
IT_319720,1391
IT_319725,3141
IT_319743,10446
IT_319745,8848
IT_319749,8296
IT_319750,8228
IT_319753,9587
IT_319758,9038
IT_319774,3577
IT_319807,2853
IT_319808,2382
IT_319814,6018
IT_319823,1428
IT_319837,1933
IT_319839,3080
IT_319853,10963
IT_319859,3492
IT_319861,12743
IT_319864,10467
IT_319866,9154
IT_319870,8678
IT_319874,8190
IT_319929,8868
IT_319944,11398
IT_319955,11016
IT_319957,3571
IT_319962,3145
IT_319977,2251
IT_320001,4762
IT_320008,2219
IT_320009,1850
IT_320039,1277
IT_320041,3723
IT_320048,2717
IT_320060,9361
IT_320062,8065
IT_320068,7966
IT_320083,9369
IT_320094,8686
IT_320098,9072
IT_320112,9727
IT_320118,1413
IT_320146,14566
IT_320179,2389
IT_320181,1588
IT_320193,4761
IT_320203,8338
IT_320207,8554
IT_320208,9419
IT_320219,9408
IT_320236,8810
IT_320241,12496
IT_320250,8434
IT_320267,2290
IT_320268,3300
IT_320277,1369
IT_320279,4709
IT_320290,3869
IT_320301,1407
IT_320318,9563
IT_320334,1163
IT_320352,3237
IT_320355,6223
IT_320359,3554
IT_320373,2453
IT_320374,1392
IT_320380,3142
IT_320387,10447
IT_320393,8849
IT_320394,8297
IT_320396,8229
IT_320398,9588
IT_320401,9039
IT_320403,3578
IT_320407,2854
IT_320410,2383
IT_320418,6019
IT_320463,1429
IT_320469,1934
IT_320487,3081
IT_320512,10964
IT_320518,3493
IT_320522,12744
IT_320529,10468
IT_320534,9155
IT_320537,8679
IT_320544,8191
IT_320555,8869
IT_320567,11399
IT_320579,11017
IT_320583,3572
IT_320586,3146
IT_320594,2252
IT_320604,4763
IT_320606,2220
IT_320616,1851
IT_320629,1278
IT_320638,3724
IT_320642,2718
IT_320646,9362
IT_320690,8066
IT_320699,7967
IT_320719,9370
IT_320728,8687
IT_320732,9073
IT_320744,9728
IT_320750,1414
IT_320756,14567
IT_320762,2390
IT_320769,1589
IT_320773,4762
IT_320775,8339
IT_320779,8555
IT_320787,9420
IT_320818,9409
IT_320842,8811
IT_320848,12497
IT_320860,8435
IT_320863,2291
IT_320872,3301
IT_320879,1370
IT_320895,4710
IT_320908,3870
IT_320911,1408
IT_320917,9564
IT_320919,1164
IT_320927,3238
IT_320952,6224
IT_320961,3555
IT_320967,2454
IT_320971,1393
IT_320980,3143
IT_320989,10448
IT_320991,8850
IT_320996,8298
IT_321010,8230
IT_321031,9589
IT_321068,9040
IT_321087,3579
IT_321088,2855
IT_321093,2384
IT_321128,6020
IT_321129,1430
IT_321134,1935
IT_321147,3082
IT_321159,10965
IT_321160,3494
IT_321166,12745
IT_321186,10469
IT_321202,9156
IT_321203,8680
IT_321204,8192
IT_321226,8870
IT_321237,11400
IT_321240,11018
IT_321247,3573
IT_321265,3147
IT_321274,2253
IT_321277,4764
IT_321282,2221
IT_321326,1852
IT_321334,1279
IT_321343,3725
IT_321360,2719
IT_321364,9363
IT_321367,8067
IT_321368,7968
IT_321374,9371
IT_321375,8688
IT_321378,9074
IT_321384,9729
IT_321395,1415
IT_321425,14568
IT_321431,2391
IT_321439,1590
IT_321442,4763
IT_321444,8340
IT_321459,8556
IT_321465,9421
IT_321476,9410
IT_321488,8812
IT_321492,12498
IT_321494,8436
IT_321501,2292
IT_321505,3302
IT_321513,1371
IT_321563,4711
IT_321566,3871
IT_321571,1409
IT_321578,9565
IT_321582,1165
IT_321590,3239
IT_321593,6225
IT_321614,3556
IT_321616,2455
IT_321621,1394
IT_321627,3144
IT_321637,10449
IT_321675,8851
IT_321705,8299
IT_321710,8231
IT_321716,9590
IT_321726,9041
IT_321732,3580
IT_321742,2856
IT_321743,2385
IT_321745,6021
IT_321752,1431
IT_321759,1936
IT_321763,3083
IT_321773,10966
IT_321804,3495
IT_321810,12746
IT_321811,10470
IT_321817,9157
IT_321824,8681
IT_321825,8193
IT_321826,8871
IT_321834,11401
IT_321842,11019
IT_321843,3574
IT_321848,3148
IT_321860,2254
IT_321887,4765
IT_321888,2222
IT_321904,1853
IT_321905,1280
IT_321922,3726
IT_321923,2720
IT_321933,9364
IT_321953,8068
IT_321955,7969
IT_321965,9372
IT_321966,8689
IT_322027,9075
IT_322031,9730
IT_322049,1416
IT_322063,14569
IT_322069,2392
IT_322082,1591
IT_322085,4764
IT_322087,8341
IT_322097,8557
IT_322098,9422
IT_322099,9411
IT_322108,8813
IT_322136,12499
IT_322174,8437
IT_322187,2293
IT_322193,3303
IT_322198,1372
IT_322210,4712
IT_322227,3872
IT_322233,1410
IT_322243,9566
IT_322244,1166
IT_322341,3240
IT_322345,6226
IT_322369,3557
IT_322382,2456
IT_322389,1395
IT_322391,3145
IT_322395,10450
IT_322397,8852
IT_322401,8300
IT_322412,8232
IT_322419,9591
IT_322423,9042
IT_322464,3581
IT_322466,2857
IT_322509,2386
IT_322531,6022
IT_322545,1432
IT_322550,1937
IT_322552,3084
IT_322563,10967
IT_322565,3496
IT_322568,12747
IT_322578,10471
IT_322636,9158
IT_322641,8682
IT_322649,8194
IT_322658,8872
IT_322692,11402
IT_322693,11020
IT_322694,3575
IT_322695,3149
IT_322698,2255
IT_322705,4766
IT_322713,2223
IT_322747,1854
IT_322754,1281
IT_322791,3727
IT_322829,2721
IT_322879,9365
IT_322898,8069
IT_322908,7970
IT_322925,9373
IT_322927,8690
IT_322931,9076
IT_322986,9731
IT_323004,1417
IT_323044,14570
IT_323047,2393
IT_323078,1592
IT_323080,4765
IT_323088,8342
IT_323161,8558
IT_323181,9423
IT_323209,9412
IT_323221,8814
IT_323229,12500
IT_323240,8438
IT_323243,2294
IT_323252,3304
IT_323253,1373
IT_323260,4713
IT_323267,3873
IT_323350,1411
IT_323351,9567
IT_323363,1167
IT_323372,3241
IT_323390,6227
IT_323393,3558
IT_323398,2457
IT_323407,1396
IT_323409,3146
IT_323410,10451
IT_323419,8853
IT_323429,8301
IT_323450,8233
IT_323480,9592
IT_323496,9043
IT_323504,3582
IT_323574,2858
IT_323577,2387
IT_323593,6023
IT_323599,1433
IT_323634,1938
IT_323636,3085
IT_323638,10968
IT_323644,3497
IT_323663,12748
IT_323667,10472
IT_323729,9159
IT_323730,8683
IT_323736,8195
IT_323737,8873
IT_323741,11403
IT_323745,11021
IT_323751,3576
IT_323772,3150
IT_323828,2256
IT_323844,4767
IT_323845,2224
IT_323847,1855
IT_323857,1282
IT_323859,3728
IT_323861,2722
IT_323869,9366
IT_323870,8070
IT_323888,7971
IT_323908,9374
IT_323960,8691
IT_323961,9077
IT_323973,9732
IT_323986,1418
IT_323987,14571
IT_323997,2394
IT_324000,1593
IT_324046,4766
IT_324057,8343
IT_324098,8559
IT_324143,9424
IT_324163,9413
IT_324168,8815
IT_324171,12501
IT_324188,8439
IT_324197,2295
IT_324207,3305
IT_324217,1374
IT_324220,4714
IT_324261,3874
IT_324310,1412
IT_324318,9568
IT_324338,1168
IT_324367,3242
IT_324369,6228
IT_324370,3559
IT_324393,2458
IT_324432,1397
IT_324434,3147
IT_324467,10452
IT_324482,8854
IT_324498,8302
IT_324515,8234
IT_324529,9593
IT_324550,9044
IT_324558,3583
IT_324576,2859
IT_324639,2388
IT_324641,6024
IT_324706,1434
IT_324730,1939
IT_324737,3086
IT_324744,10969
IT_324805,3498
IT_324806,12749
IT_324812,10473
IT_324817,9160
IT_324910,8684
IT_324937,8196
IT_324940,8874
IT_324941,11404
IT_324946,11022
IT_324956,3577
IT_324959,3151
IT_324961,2257
IT_325038,4768
IT_325039,2225
IT_325067,1856
IT_325092,1283
IT_325106,3729
IT_325119,2723
IT_325122,9367
IT_325123,8071
IT_325131,7972
IT_325162,9375
IT_325163,8692
IT_325187,9078
IT_325214,9733
IT_325227,1419
IT_325236,14572
IT_325237,2395
IT_325262,1594
IT_325319,4767
IT_325331,8344
IT_325338,8560
IT_325350,9425
IT_325379,9414
IT_325463,8816
IT_325488,12502
IT_325489,8440
IT_325493,2296
IT_325494,3306
IT_325495,1375
IT_325506,4715
IT_325530,3875
IT_325543,1413
IT_325552,9569
IT_325619,1169
IT_325628,3243
IT_325666,6229
IT_325674,3560
IT_325675,2459
IT_325676,1398
IT_325693,3148
IT_325705,10453
IT_325726,8855
IT_325734,8303
IT_325735,8235
IT_325802,9594
IT_325822,9045
IT_325827,3584
IT_325843,2860
IT_325848,2389
IT_325908,6025
IT_325909,1435
IT_325922,1940
IT_326027,3087
IT_326033,10970
IT_326051,3499
IT_326086,12750
IT_326106,10474
IT_326155,9161
IT_326165,8685
IT_326168,8197
IT_326174,8875
IT_326227,11405
IT_326228,11023
IT_326230,3578
IT_326231,3152
IT_326232,2258
IT_326244,4769
IT_326247,2226
IT_326249,1857
IT_326261,1284
IT_326262,3730
IT_326289,2724
IT_326361,9368
IT_326388,8072
IT_326418,7973
IT_326437,9376
IT_326440,8693
IT_326447,9079
IT_326452,9734
IT_326460,1420
IT_326467,14573
IT_326577,2396
IT_326581,1595
IT_326582,4768
IT_326615,8345
IT_326621,8561
IT_326631,9426
IT_326641,9415
IT_326668,8817
IT_326681,12503
IT_326688,8441
IT_326755,2297
IT_326765,3307
IT_326786,1376
IT_326802,4716
IT_326826,3876
IT_326844,1414
IT_326846,9570
IT_326852,1170
IT_326920,3244
IT_326956,6230
IT_326975,3561
IT_326982,2460
IT_326997,1399
IT_327004,3149
IT_327010,10454
IT_327011,8856
IT_327012,8304
IT_327031,8236
IT_327033,9595
IT_327040,9046
IT_327046,3585
IT_327062,2861
IT_327123,2390
IT_327131,6026
IT_327133,1436
IT_327138,1941
IT_327213,3088
IT_327240,10971
IT_327270,3500
IT_327272,12751
IT_327276,10475
IT_327282,9162
IT_327309,8686
IT_327310,8198
IT_327323,8876
IT_327337,11406
IT_327398,11024
IT_327417,3579
IT_327452,3153
IT_327458,2259
IT_327479,4770
IT_327487,2227
IT_327492,1858
IT_327511,1285
IT_327521,3731
IT_327522,2725
IT_327535,9369
IT_327546,8073
IT_327581,7974
IT_327591,9377
IT_327622,8694
IT_327671,9080
IT_327674,9735
IT_327697,1421
IT_327710,14574
IT_327715,2397
IT_327742,1596
IT_327770,4769
IT_327795,8346
IT_327804,8562
IT_327890,9427
IT_327990,9416
IT_328020,8818
IT_328087,12504
IT_328088,8442
IT_328108,2298
IT_328109,3308
IT_328112,1377
IT_328117,4717
IT_328119,3877
IT_328125,1415
IT_328244,9571
IT_328267,1171
IT_328275,3245
IT_328277,6231
IT_328286,3562
IT_328292,2461
IT_328293,1400
IT_328304,3150
IT_328384,10455
IT_328388,8857
IT_328395,8305
IT_328396,8237
IT_328534,9596
IT_328551,9047
IT_328561,3586
IT_328566,2862
IT_328580,2391
IT_328585,6027
IT_328592,1437
IT_328594,1942
IT_328606,3089
IT_328667,10972
IT_328668,3501
IT_328744,12752
IT_328748,10476
IT_328771,9163
IT_328773,8687
IT_328785,8199
IT_328789,8877
IT_328791,11407
IT_328794,11025
IT_328815,3580
IT_328879,3154
IT_328881,2260
IT_328882,4771
IT_328922,2228
IT_328984,1859
IT_328986,1286
IT_328996,3732
IT_329002,2726
IT_329005,9370
IT_329016,8074
IT_329113,7975
IT_329114,9378
IT_329123,8695
IT_329142,9081
IT_329146,9736
IT_329174,1422
IT_329175,14575
IT_329180,2398
IT_329202,1597
IT_329286,4770
IT_329287,8347
IT_329288,8563
IT_329320,9428
IT_329327,9417
IT_329388,8819
IT_329390,12505
IT_329403,8443
IT_329419,2299
IT_329421,3309
IT_329425,1378
IT_329435,4718
IT_329437,3878
IT_329509,1416
IT_329511,9572
IT_329520,1172
IT_329521,3246
IT_329612,6232
IT_329620,3563
IT_329626,2462
IT_329633,1401
IT_329640,3151
IT_329643,10456
IT_329647,8858
IT_329658,8306
IT_329676,8238
IT_329725,9597
IT_329753,9048
IT_329757,3587
IT_329770,2863
IT_329834,2392
IT_329841,6028
IT_329842,1438
IT_329843,1943
IT_329864,3090
IT_329961,10973
IT_329977,3502
IT_329982,12753
IT_329985,10477
IT_329987,9164
IT_329990,8688
IT_329998,8200
IT_330022,8878
IT_330072,11408
IT_330073,11026
IT_330074,3581
IT_330099,3155
IT_330103,2261
IT_330107,4772
IT_330120,2229
IT_330183,1860
IT_330185,1287
IT_330196,3733
IT_330210,2727
IT_330229,9371
IT_330291,8075
IT_330297,7976
IT_330332,9379
IT_330352,8696
IT_330360,9082
IT_330404,9737
IT_330427,1423
IT_330442,14576
IT_330493,2399
IT_330494,1598
IT_330501,4771
IT_330521,8348
IT_330530,8564
IT_330537,9429
IT_330571,9418
IT_330615,8820
IT_330625,12506
IT_330629,8444
IT_330632,2300
IT_330641,3310
IT_330646,1379
IT_330656,4719
IT_330718,3879
IT_330719,1417
IT_330773,9573
IT_330810,1173
IT_330832,3247
IT_330837,6233
IT_330839,3564
IT_330848,2463
IT_330852,1402
IT_330855,3152
IT_330874,10457
IT_330914,8859
IT_330915,8307
IT_330924,8239
IT_330951,9598
IT_330977,9049
IT_330987,3588
IT_331013,2864
IT_331021,2393
IT_331023,6029
IT_331032,1439
IT_331053,1944
IT_331103,3091
IT_331128,10974
IT_331133,3503
IT_331141,12754
IT_331170,10478
IT_331189,9165
IT_331208,8689
IT_331210,8201
IT_331242,8879
IT_331306,11409
IT_331307,11027
IT_331327,3582
IT_331333,3156
IT_331342,2262
IT_331363,4773
IT_331413,2230
IT_331420,1861
IT_331426,1288
IT_331457,3734
IT_331475,2728
IT_331514,9372
IT_331518,8076
IT_331526,7977
IT_331531,9380
IT_331538,8697
IT_331672,9083
IT_331687,9738
IT_331702,1424
IT_331710,14577
IT_331713,2400
IT_331723,1599
IT_331725,4772
IT_331726,8349
IT_331730,8565
IT_331755,9430
IT_331780,9419
IT_331816,8821
IT_331874,12507
IT_331877,8445
IT_331883,2301
IT_331886,3311
IT_331899,1380
IT_331902,4720
IT_331970,3880
IT_331973,1418
IT_331987,9574
IT_332017,1174
IT_332020,3248
IT_332024,6234
IT_332027,3565
IT_332031,2464
IT_332045,1403
IT_332057,3153
IT_332065,10458
IT_332128,8860
IT_332171,8308
IT_332207,8240
IT_332237,9599
IT_332243,9050
IT_332244,3589
IT_332266,2865
IT_332307,2394
IT_332370,6030
IT_332453,1440
IT_332485,1945
IT_332497,3092
IT_332500,10975
IT_332585,3504
IT_332588,12755
IT_332608,10479
IT_332612,9166
IT_332640,8690
IT_332647,8202
IT_332653,8880
IT_332656,11410
IT_332662,11028
IT_332665,3583
IT_332673,3157
IT_332706,2263
IT_332777,4774
IT_332834,2231
IT_332844,1862
IT_332865,1289
IT_332946,3735
IT_332968,2729
IT_333018,9373
IT_333040,8077
IT_333045,7978
IT_333088,9381
IT_333179,8698
IT_333180,9084
IT_333196,9739
IT_333249,1425
IT_333250,14578
IT_333268,2401
IT_333280,1600
IT_333284,4773
IT_333290,8350
IT_333292,8566
IT_333298,9431
IT_333330,9420
IT_333417,8822
IT_333456,12508
IT_333461,8446
IT_333490,2302
IT_333570,3312
IT_333599,1381
IT_333646,4721
IT_333676,3881
IT_333685,1419
IT_333686,9575
IT_333689,1175
IT_333690,3249
IT_333758,6235
IT_333778,3566
IT_333785,2465
IT_333795,1404
IT_333818,3154
IT_333832,10459
IT_333868,8861
IT_333889,8309
IT_333901,8241
IT_333902,9600
IT_333993,9051
IT_333998,3590
IT_333999,2866
IT_334003,2395
IT_334011,6031
IT_334018,1441
IT_334020,1946
IT_334082,3093
IT_334099,10976
IT_334101,3505
IT_334125,12756
IT_334138,10480
IT_334194,9167
IT_334199,8691
IT_334212,8203
IT_334218,8881
IT_334232,11411
IT_334235,11029
IT_334251,3584
IT_334289,3158
IT_334290,2264
IT_334302,4775
IT_334305,2232
IT_334357,1863
IT_334384,1290
IT_334390,3736
IT_334396,2730
IT_334415,9374
IT_334420,8078
IT_334430,7979
IT_334445,9382
IT_334472,8699
IT_334516,9085
IT_334517,9740
IT_334519,1426
IT_334539,14579
IT_334542,2402
IT_334547,1601
IT_334615,4774
IT_334642,8351
IT_334646,8567
IT_334651,9432
IT_334653,9421
IT_334654,8823
IT_334661,12509
IT_334667,8447
IT_334678,2303
IT_334737,3313
IT_334796,1382
IT_334826,4722
IT_334833,3882
IT_334836,1420
IT_334853,9576
IT_334854,1176
IT_334857,3250
IT_334861,6236
IT_334867,3567
IT_334961,2466
IT_334966,1405
IT_334967,3155
IT_334984,10460
IT_334992,8862
IT_335161,8310
IT_335163,8242
IT_335164,9601
IT_335170,9052
IT_335204,3591
IT_335259,2867
IT_335276,2396
IT_335307,6032
IT_335383,1442
IT_335393,1947
IT_335395,3094
IT_335399,10977
IT_335402,3506
IT_335407,12757
IT_335409,10481
IT_335433,9168
IT_335486,8692
IT_335492,8204
IT_335514,8882
IT_335583,11412
IT_335598,11030
IT_335604,3585
IT_335610,3159
IT_335626,2265
IT_335666,4776
IT_335733,2233
IT_335734,1864
IT_335737,1291
IT_335742,3737
IT_335748,2731
IT_335768,9375
IT_335791,8079
IT_335801,7980
IT_335854,9383
IT_335891,8700
IT_335912,9086
IT_335921,9741
IT_335924,1427
IT_335986,14580
IT_335998,2403
IT_335999,1602
IT_336002,4775
IT_336003,8352
IT_336019,8568
IT_336064,9433
IT_336074,9422
IT_336106,8824
IT_336112,12510
IT_336125,8448
IT_336150,2304
IT_336178,3314
IT_336183,1383
IT_336184,4723
IT_336246,3883
IT_336278,1421
IT_336291,9577
IT_336298,1177
IT_336302,3251
IT_336311,6237
IT_336313,3568
IT_336327,2467
IT_336338,1406
IT_336339,3156
IT_336384,10461
IT_336394,8863
IT_336395,8311
IT_336401,8243
IT_336413,9602
IT_336415,9053
IT_336421,3592
IT_336425,2868
IT_336431,2397
IT_336477,6033
IT_336479,1443
IT_336485,1948
IT_336499,3095
IT_336507,10978
IT_336535,3507
IT_336540,12758
IT_336620,10482
IT_336624,9169
IT_336643,8693
IT_336696,8205
IT_336701,8883
IT_336712,11413
IT_336715,11031
IT_336728,3586
IT_336729,3160
IT_336739,2266
IT_336799,4777
IT_336811,2234
IT_336846,1865
IT_336908,1292
IT_336916,3738
IT_336922,2732
IT_336926,9376
IT_336936,8080
IT_336945,7981
IT_336956,9384
IT_336991,8701
IT_337002,9087
IT_337023,9742
IT_337024,1428
IT_337082,14581
IT_337088,2404
IT_337094,1603
IT_337109,4776
IT_337132,8353
IT_337160,8569
IT_337185,9434
IT_337202,9423
IT_337212,8825
IT_337213,12511
IT_337280,8449
IT_337283,2305
IT_337284,3315
IT_337287,1384
IT_337384,4724
IT_337392,3884
IT_337393,1422
IT_337407,9578
IT_337474,1178
IT_337506,3252
IT_337524,6238
IT_337540,3569
IT_337598,2468
IT_337630,1407
IT_337653,3157
IT_337679,10462
IT_337711,8864
IT_337712,8312
IT_337715,8244
IT_337721,9603
IT_337789,9054
IT_337807,3593
IT_337870,2869
IT_337876,2398
IT_337880,6034
IT_337884,1444
IT_337887,1949
IT_337891,3096
IT_337983,10979
IT_338040,3508
IT_338045,12759
IT_338048,10483
IT_338066,9170
IT_338067,8694
IT_338070,8206
IT_338079,8884
IT_338169,11414
IT_338178,11032
IT_338183,3587
IT_338224,3161
IT_338238,2267
IT_338241,4778
IT_338244,2235
IT_338245,1866
IT_338248,1293
IT_338255,3739
IT_338351,2733
IT_338361,9377
IT_338393,8081
IT_338410,7982
IT_338427,9385
IT_338439,8702
IT_338443,9088
IT_338460,9743
IT_338461,1429
IT_338467,14582
IT_338504,2405
IT_338546,1604
IT_338557,4777
IT_338566,8354
IT_338589,8570
IT_338638,9435
IT_338689,9424
IT_338711,8826
IT_338715,12512
IT_338720,8450
IT_338733,2306
IT_338737,3316
IT_338742,1385
IT_338746,4725
IT_338766,3885
IT_338825,1423
IT_338836,9579
IT_338850,1179
IT_338855,3253
IT_338902,6239
IT_338905,3570
IT_338921,2469
IT_338924,1408
IT_338927,3158
IT_338931,10463
IT_339016,8865
IT_339025,8313
IT_339044,8245
IT_339087,9604
IT_339111,9055
IT_339120,3594
IT_339134,2870
IT_339138,2399
IT_339141,6035
IT_339146,1445
IT_339175,1950
IT_339257,3097
IT_339265,10980
IT_339303,3509
IT_339340,12760
IT_339347,10484
IT_339348,9171
IT_339352,8695
IT_339357,8207
IT_339390,8885
IT_339408,11415
IT_339452,11033
IT_339470,3588
IT_339527,3162
IT_339553,2268
IT_339559,4779
IT_339562,2236
IT_339564,1867
IT_339566,1294
IT_339643,3740
IT_339668,2734
IT_339676,9378
IT_339726,8082
IT_339730,7983
IT_339738,9386
IT_339748,8703
IT_339750,9089
IT_339752,9744
IT_339813,1430
IT_339848,14583
IT_339861,2406
IT_339889,1605
IT_339933,4778
IT_339937,8355
IT_339942,8571
IT_339943,9436
IT_340014,9425
IT_340026,8827
IT_340028,12513
IT_340030,8451
IT_340055,2307
IT_340129,3317
IT_340140,1386
IT_340187,4726
IT_340203,3886
IT_340230,1424
IT_340231,9580
IT_340234,1180
IT_340237,3254
IT_340239,6240
IT_340243,3571
IT_340248,2470
IT_340265,1409
IT_340332,3159
IT_340357,10464
IT_340362,8866
IT_340387,8314
IT_340447,8246
IT_340455,9605
IT_340462,9056
IT_340471,3595
IT_340514,2871
IT_340561,2400
IT_340578,6036
IT_340615,1446
IT_340625,1951
IT_340636,3098
IT_340652,10981
IT_340675,3510
IT_340676,12761
IT_340680,10485
IT_340689,9172
IT_340721,8696
IT_340722,8208
IT_340736,8886
IT_340783,11416
IT_340789,11034
IT_340799,3589
IT_340826,3163
IT_340831,2269
IT_340853,4780
IT_340858,2237
IT_340860,1868
IT_340862,1295
IT_340870,3741
IT_340887,2735
IT_340889,9379
IT_340921,8083
IT_340970,7984
IT_340985,9387
IT_340996,8704
IT_341044,9090
IT_341065,9745
IT_341070,1431
IT_341074,14584
IT_341079,2407
IT_341080,1606
IT_341142,4779
IT_341172,8356
IT_341179,8572
IT_341202,9437
IT_341217,9426
IT_341317,8828
IT_341327,12514
IT_341339,8452
IT_341346,2308
IT_341442,3318
IT_341488,1387
IT_341500,4727
IT_341507,3887
IT_341517,1425
IT_341519,9581
IT_341521,1181
IT_341522,3255
IT_341525,6241
IT_341531,3572
IT_341537,2471
IT_341541,1410
IT_341542,3160
IT_341595,10465
IT_341643,8867
IT_341653,8315
IT_341672,8247
IT_341686,9606
IT_341734,9057
IT_341743,3596
IT_341746,2872
IT_341747,2401
IT_341838,6037
IT_341841,1447
IT_341847,1952
IT_341878,3099
IT_341909,10982
IT_341915,3511
IT_341924,12762
IT_341926,10486
IT_341927,9173
IT_341928,8697
IT_341934,8209
IT_341935,8887
IT_341937,11417
IT_341943,11035
IT_341983,3590
IT_342026,3164
IT_342097,2270
IT_342099,4781
IT_342115,2238
IT_342131,1869
IT_342135,1296
IT_342136,3742
IT_342144,2736
IT_342287,9380
IT_342290,8084
IT_342299,7985
IT_342314,9388
IT_342316,8705
IT_342324,9091
IT_342325,9746
IT_342335,1432
IT_342367,14585
IT_342388,2408
IT_342425,1607
IT_342429,4780
IT_342472,8357
IT_342503,8573
IT_342509,9438
IT_342522,9427
IT_342525,8829
IT_342535,12515
IT_342542,8453
IT_342552,2309
IT_342553,3319
IT_342556,1388
IT_342559,4728
IT_342601,3888
IT_342650,1426
IT_342651,9582
IT_342656,1182
IT_342663,3256
IT_342707,6242
IT_342711,3573
IT_342723,2472
IT_342731,1411
IT_342733,3161
IT_342737,10466
IT_342739,8868
IT_342740,8316
IT_342744,8248
IT_342745,9607
IT_342750,9058
IT_342826,3597
IT_342899,2873
IT_342901,2402
IT_342925,6038
IT_342926,1448
IT_342932,1953
IT_342935,3100
IT_342946,10983
IT_343027,3512
IT_343032,12763
IT_343038,10487
IT_343098,9174
IT_343114,8698
IT_343126,8210
IT_343127,8888
IT_343132,11418
IT_343137,11036
IT_343141,3591
IT_343156,3165
IT_343191,2271
IT_343216,4782
IT_343237,2239
IT_343278,1870
IT_343312,1297
IT_343315,3743
IT_343323,2737
IT_343325,9381
IT_343334,8085
IT_343371,7986
IT_343402,9389
IT_343463,8706
IT_343477,9092
IT_343491,9747
IT_343498,1433
IT_343501,14586
IT_343553,2409
IT_343571,1608
IT_343584,4781
IT_343588,8358
IT_343591,8574
IT_343593,9439
IT_343629,9428
IT_343657,8830
IT_343670,12516
IT_343680,8454
IT_343705,2310
IT_343717,3320
IT_343729,1389
IT_343736,4729
IT_343746,3889
IT_343749,1427
IT_343757,9583
IT_343762,1183
IT_343765,3257
IT_343807,6243
IT_343839,3574
IT_343854,2473
IT_343890,1412
IT_343928,3162
IT_343933,10467
IT_343934,8869
IT_343936,8317
IT_343938,8249
IT_343997,9608
IT_344090,9059
IT_344095,3598
IT_344097,2874
IT_344107,2403
IT_344110,6039
IT_344121,1449
IT_344130,1954
IT_344133,3101
IT_344135,10984
IT_344138,3513
IT_344152,12764
IT_344216,10488
IT_344231,9175
IT_344271,8699
IT_344286,8211
IT_344291,8889
IT_344292,11419
IT_344316,11037
IT_344320,3592
IT_344321,3166
IT_344327,2272
IT_344330,4783
IT_344421,2240
IT_344467,1871
IT_344471,1298
IT_344474,3744
IT_344495,2738
IT_344508,9382
IT_344518,8086
IT_344522,7987
IT_344526,9390
IT_344529,8707
IT_344536,9093
IT_344574,9748
IT_344609,1434
IT_344613,14587
IT_344660,2410
IT_344684,1609
IT_344685,4782
IT_344693,8359
IT_344764,8575
IT_344773,9440
IT_344783,9429
IT_344788,8831
IT_344821,12517
IT_344845,8455
IT_344887,2311
IT_344891,3321
IT_344908,1390
IT_344936,4730
IT_344937,3890
IT_344944,1428
IT_344983,9584
IT_344985,1184
IT_345071,3258
IT_345098,6244
IT_345108,3575
IT_345117,2474
IT_345120,1413
IT_345125,3163
IT_345129,10468
IT_345301,8870
IT_345304,8318
IT_345307,8250
IT_345308,9609
IT_345317,9060
IT_345319,3599
IT_345350,2875
IT_345366,2404
IT_345394,6040
IT_345412,1450
IT_345451,1955
IT_345452,3102
IT_345475,10985
IT_345485,3514
IT_345488,12765
IT_345493,10489
IT_345498,9176
IT_345501,8700
IT_345504,8212
IT_345509,8890
IT_345510,11420
IT_345565,11038
IT_345582,3593
IT_345589,3167
IT_345601,2273
IT_345609,4784
IT_345616,2241
IT_345633,1872
IT_345650,1299
IT_345652,3745
IT_345656,2739
IT_345666,9383
IT_345678,8087
IT_345683,7988
IT_345687,9391
IT_345690,8708
IT_345692,9094
IT_345693,9749
IT_345700,1435
IT_345710,14588
IT_345740,2411
IT_345784,1610
IT_345828,4783
IT_345850,8360
IT_345851,8576
IT_345857,9441
IT_345866,9430
IT_345888,8832
IT_345942,12518
IT_345947,8456
IT_345950,2312
IT_345951,3322
IT_345984,1391
IT_345986,4731
IT_346073,3891
IT_346081,1429
IT_346091,9585
IT_346104,1185
IT_346108,3259
IT_346117,6245
IT_346147,3576
IT_346255,2475
IT_346258,1414
IT_346276,3164
IT_346281,10469
IT_346283,8871
IT_346284,8319
IT_346293,8251
IT_346389,9610
IT_346412,9061
IT_346428,3600
IT_346429,2876
IT_346432,2405
IT_346444,6041
IT_346453,1451
IT_346459,1956
IT_346460,3103
IT_346464,10986
IT_346467,3515
IT_346469,12766
IT_346476,10490
IT_346510,9177
IT_346578,8701
IT_346583,8213
IT_346606,8891
IT_346676,11421
IT_346690,11039
IT_346746,3594
IT_346750,3168
IT_346777,2274
IT_346782,4785
IT_346787,2242
IT_346794,1873
IT_346886,1300
IT_346898,3746
IT_346926,2740
IT_346938,9384
IT_346953,8088
IT_346956,7989
IT_346960,9392
IT_346964,8709
IT_346966,9095
IT_346967,9750
IT_346974,1436
IT_346997,14589
IT_347010,2412
IT_347029,1611
IT_347035,4784
IT_347038,8361
IT_347042,8577
IT_347078,9442
IT_347179,9431
IT_347192,8833
IT_347198,12519
IT_347209,8457
IT_347214,2313
IT_347215,3323
IT_347218,1392
IT_347222,4732
IT_347231,3892
IT_347232,1430
IT_347234,9586
IT_347240,1186
IT_347269,3260
IT_347273,6246
IT_347295,3577
IT_347302,2476
IT_347321,1415
IT_347393,3165
IT_347401,10470
IT_347446,8872
IT_347525,8320
IT_347529,8252
IT_347536,9611
IT_347537,9062
IT_347542,3601
IT_347550,2877
IT_347650,2406
IT_347700,6042
IT_347704,1452
IT_347705,1957
IT_347715,3104
IT_347724,10987
IT_347726,3516
IT_347730,12767
IT_347732,10491
IT_347741,9178
IT_347760,8702
IT_347845,8214
IT_347849,8892
IT_347864,11422
IT_347866,11040
IT_347870,3595
IT_347893,3169
IT_347898,2275
IT_347906,4786
IT_347918,2243
IT_348028,1874
IT_348031,1301
IT_348042,3747
IT_348062,2741
IT_348065,9385
IT_348067,8089
IT_348082,7990
IT_348084,9393
IT_348123,8710
IT_348150,9096
IT_348156,9751
IT_348157,1437
IT_348162,14590
IT_348242,2413
IT_348257,1612
IT_348287,4785
IT_348296,8362
IT_348318,8578
IT_348322,9443
IT_348339,9432
IT_348370,8834
IT_348400,12520
IT_348404,8458
IT_348428,2314
IT_348482,3324
IT_348495,1393
IT_348496,4733
IT_348502,3893
IT_348506,1431
IT_348508,9587
IT_348511,1187
IT_348515,3261
IT_348516,6247
IT_348526,3578
IT_348557,2477
IT_348599,1416
IT_348608,3166
IT_348617,10471
IT_348650,8873
IT_348652,8321
IT_348661,8253
IT_348692,9612
IT_348695,9063
IT_348714,3602
IT_348728,2878
IT_348792,2407
IT_348842,6043
IT_348851,1453
IT_348853,1958
IT_348857,3105
IT_348866,10988
IT_348870,3517
IT_348872,12768
IT_348877,10492
IT_348878,9179
IT_348880,8703
IT_348882,8215
IT_348884,8893
IT_348948,11423
IT_348971,11041
IT_348972,3596
IT_349018,3170
IT_349048,2276
IT_349055,4787
IT_349060,2244
IT_349063,1875
IT_349083,1302
IT_349135,3748
IT_349140,2742
IT_349166,9386
IT_349171,8090
IT_349172,7991
IT_349184,9394
IT_349189,8711
IT_349191,9097
IT_349197,9752
IT_349207,1438
IT_349208,14591
IT_349211,2414
IT_349212,1613
IT_349219,4786
IT_349283,8363
IT_349285,8579
IT_349297,9444
IT_349301,9433
IT_349331,8835
IT_349333,12521
IT_349414,8459
IT_349429,2315
IT_349443,3325
IT_349451,1394
IT_349454,4734
IT_349456,3894
IT_349457,1432
IT_349461,9588
IT_349464,1188
IT_349466,3262
IT_349469,6248
IT_349510,3579
IT_349514,2478
IT_349620,1417
IT_349622,3167
IT_349624,10472
IT_349653,8874
IT_349655,8322
IT_349661,8254
IT_349662,9613
IT_349675,9064
IT_349757,3603
IT_349771,2879
IT_349804,2408
IT_349834,6044
IT_349841,1454
IT_349848,1959
IT_349850,3106
IT_349854,10989
IT_349857,3518
IT_349895,12769
IT_349980,10493
IT_349997,9180
IT_349998,8704
IT_350005,8216
IT_350021,8894
IT_350025,11424
IT_350027,11042
IT_350035,3597
IT_350037,3171
IT_350139,2277
IT_350183,4788
IT_350190,2245
IT_350197,1876
IT_350202,1303
IT_350203,3749
IT_350204,2743
IT_350216,9387
IT_350225,8091
IT_350228,7992
IT_350229,9395
IT_350234,8712
IT_350235,9098
IT_350239,9753
IT_350246,1439
IT_350361,14592
IT_350379,2415
IT_350397,1614
IT_350410,4787
IT_350414,8364
IT_350420,8580
IT_350440,9445
IT_350484,9434
IT_350497,8836
IT_350501,12522
IT_350519,8460
IT_350594,2316
IT_350631,3326
IT_350658,1395
IT_350661,4735
IT_350666,3895
IT_350690,1433
IT_350694,9589
IT_350695,1189
IT_350699,3263
IT_350772,6249
IT_350774,3580
IT_350789,2479
IT_350833,1418
IT_350834,3168
IT_350836,10473
IT_350841,8875
IT_350843,8323
IT_350845,8255
IT_350847,9614
IT_350863,9065
IT_350866,3604
IT_350870,2880
IT_350871,2409
IT_350878,6045
IT_350880,1455
IT_350888,1960
IT_350900,3107
IT_350923,10990
IT_350994,3519
IT_351034,12770
IT_351040,10494
IT_351044,9181
IT_351051,8705
IT_351054,8217
IT_351057,8895
IT_351060,11425
IT_351062,11043
IT_351063,3598
IT_351064,3172
IT_351068,2278
IT_351098,4789
IT_351188,2246
IT_351194,1877
IT_351195,1304
IT_351196,3750
IT_351200,2744
IT_351206,9388
IT_351214,8092
IT_351224,7993
IT_351226,9396
IT_351228,8713
IT_351239,9099
IT_351310,9754
IT_351313,1440
IT_351364,14593
IT_351400,2416
IT_351408,1615
IT_351411,4788
IT_351418,8365
IT_351419,8581
IT_351421,9446
IT_351422,9435
IT_351424,8837
IT_351427,12523
IT_351429,8461
IT_351430,2317
IT_351462,3327
IT_351481,1396
IT_351499,4736
IT_351541,3896
IT_351543,1434
IT_351565,9590
IT_351573,1190
IT_351659,3264
IT_351664,6250
IT_351670,3581
IT_351674,2480
IT_351772,1419
IT_351849,3169
IT_351866,10474
IT_351878,8876
IT_351894,8324
IT_351897,8256
IT_351902,9615
IT_351924,9066
IT_351925,3605
IT_351933,2881
IT_351937,2410
IT_352036,6046
IT_352041,1456
IT_352079,1961
IT_352081,3108
IT_352082,10991
IT_352090,3520
IT_352110,12771
IT_352118,10495
IT_352164,9182
IT_352221,8706
IT_352243,8218
IT_352263,8896
IT_352266,11426
IT_352274,11044
IT_352276,3599
IT_352282,3173
IT_352284,2279
IT_352300,4790
IT_352305,2247
IT_352307,1878
IT_352308,1305
IT_352314,3751
IT_352318,2745
IT_352319,9389
IT_352326,8093
IT_352360,7994
IT_352416,9397
IT_352421,8714
IT_352446,9100
IT_352465,9755
IT_352468,1441
IT_352470,14594
IT_352473,2417
IT_352474,1616
IT_352503,4789
IT_352508,8366
IT_352510,8582
IT_352513,9447
IT_352518,9436
IT_352522,8838
IT_352526,12524
IT_352597,8462
IT_352656,2318
IT_352668,3328
IT_352671,1397
IT_352677,4737
IT_352681,3897
IT_352729,1435
IT_352750,9591
IT_352754,1191
IT_352762,3265
IT_352773,6251
IT_352780,3582
IT_352782,2481
IT_352802,1420
IT_352815,3170
IT_352877,10475
IT_352910,8877
IT_352915,8325
IT_352925,8257
IT_352927,9616
IT_352941,9067
IT_352944,3606
IT_352947,2882
IT_352957,2411
IT_352965,6047
IT_352971,1457
IT_353011,1962
IT_353029,3109
IT_353034,10992
IT_353048,3521
IT_353065,12772
IT_353069,10496
IT_353075,9183
IT_353077,8707
IT_353079,8219
IT_353084,8897
IT_353096,11427
IT_353100,11045
IT_353103,3600
IT_353106,3174
IT_353111,2280
IT_353112,4791
IT_353124,2248
IT_353191,1879
IT_353193,1306
IT_353219,3752
IT_353230,2746
IT_353239,9390
IT_353244,8094
IT_353247,7995
IT_353270,9398
IT_353279,8715
IT_353281,9101
IT_353327,9756
IT_353370,1442
IT_353373,14595
IT_353377,2418
IT_353393,1617
IT_353431,4790
IT_353432,8367
IT_353437,8583
IT_353439,9448
IT_353459,9437
IT_353462,8839
IT_353465,12525
IT_353475,8463
IT_353504,2319
IT_353524,3329
IT_353551,1398
IT_353555,4738
IT_353571,3898
IT_353576,1436
IT_353581,9592
IT_353605,1192
IT_353641,3266
IT_353659,6252
IT_353662,3583
IT_353667,2482
IT_353672,1421
IT_353673,3171
IT_353689,10476
IT_353719,8878
IT_353760,8326
IT_353782,8258
IT_353801,9617
IT_353803,9068
IT_353822,3607
IT_353826,2883
IT_353831,2412
IT_353834,6048
IT_353893,1458
IT_353901,1963
IT_353913,3110
IT_353915,10993
IT_353920,3522
IT_353938,12773
IT_353939,10497
IT_353947,9184
IT_353972,8708
IT_353988,8220
IT_354010,8898
IT_354064,11428
IT_354066,11046
IT_354070,3601
IT_354081,3175
IT_354087,2281
IT_354088,4792
IT_354091,2249
IT_354094,1880
IT_354101,1307
IT_354111,3753
IT_354117,2747
IT_354183,9391
IT_354189,8095
IT_354214,7996
IT_354231,9399
IT_354267,8716
IT_354272,9102
IT_354277,9757
IT_354297,1443
IT_354299,14596
IT_354305,2419
IT_354307,1618
IT_354325,4791
IT_354403,8368
IT_354418,8584
IT_354447,9449
IT_354457,9438
IT_354469,8840
IT_354474,12526
IT_354482,8464
IT_354487,2320
IT_354495,3330
IT_354571,1399
IT_354598,4739
IT_354629,3899
IT_354630,1437
IT_354636,9593
IT_354641,1193
IT_354643,3267
IT_354647,6253
IT_354666,3584
IT_354670,2483
IT_354674,1422
IT_354676,3172
IT_354677,10477
IT_354680,8879
IT_354769,8327
IT_354786,8259
IT_354813,9618
IT_354822,9069
IT_354840,3608
IT_354844,2884
IT_354848,2413
IT_354850,6049
IT_354851,1459
IT_354868,1964
IT_354892,3111
IT_354926,10994
IT_354976,3523
IT_354985,12774
IT_355014,10498
IT_355067,9185
IT_355079,8709
IT_355100,8221
IT_355106,8899
IT_355111,11429
IT_355129,11047
IT_355200,3602
IT_355228,3176
IT_355234,2282
IT_355240,4793
IT_355251,2250
IT_355258,1881
IT_355265,1308
IT_355267,3754
IT_355269,2748
IT_355274,9392
IT_355277,8096
IT_355344,7997
IT_355360,9400
IT_355388,8717
IT_355395,9103
IT_355397,9758
IT_355420,1444
IT_355426,14597
IT_355447,2420
IT_355467,1619
IT_355491,4792
IT_355506,8369
IT_355536,8585
IT_355555,9450
IT_355556,9439
IT_355559,8841
IT_355593,12527
IT_355599,8465
IT_355629,2321
IT_355683,3331
IT_355693,1400
IT_355713,4740
IT_355717,3900
IT_355723,1438
IT_355730,9594
IT_355751,1194
IT_355754,3268
IT_355756,6254
IT_355757,3585
IT_355765,2484
IT_355766,1423
IT_355767,3173
IT_355853,10478
IT_355859,8880
IT_355868,8328
IT_355874,8260
IT_355883,9619
IT_355894,9070
IT_355908,3609
IT_355910,2885
IT_355935,2414
IT_355945,6050
IT_355947,1460
IT_355949,1965
IT_356017,3112
IT_356037,10995
IT_356038,3524
IT_356084,12775
IT_356109,10499
IT_356113,9186
IT_356116,8710
IT_356119,8222
IT_356129,8900
IT_356130,11430
IT_356168,11048
IT_356178,3603
IT_356197,3177
IT_356211,2283
IT_356218,4794
IT_356222,2251
IT_356262,1882
IT_356359,1309
IT_356380,3755
IT_356390,2749
IT_356396,9393
IT_356397,8097
IT_356398,7998
IT_356401,9401
IT_356430,8718
IT_356442,9104
IT_356462,9759
IT_356467,1445
IT_356498,14598
IT_356507,2421
IT_356519,1620
IT_356522,4793
IT_356527,8370
IT_356530,8586
IT_356547,9451
IT_356552,9440
IT_356650,8842
IT_356653,12528
IT_356673,8466
IT_356692,2322
IT_356696,3332
IT_356723,1401
IT_356725,4741
IT_356726,3901
IT_356754,1439
IT_356807,9595
IT_356845,1195
IT_356849,3269
IT_356877,6255
IT_356881,3586
IT_356887,2485
IT_356900,1424
IT_356913,3174
IT_356916,10479
IT_356918,8881
IT_356920,8329
IT_356922,8261
IT_356924,9620
IT_356925,9071
IT_356929,3610
IT_356931,2886
IT_357002,2415
IT_357014,6051
IT_357020,1461
IT_357022,1966
IT_357027,3113
IT_357081,10996
IT_357097,3525
IT_357108,12776
IT_357114,10500
IT_357116,9187
IT_357119,8711
IT_357121,8223
IT_357122,8901
IT_357131,11431
IT_357147,11049
IT_357161,3604
IT_357168,3178
IT_357169,2284
IT_357182,4795
IT_357184,2252
IT_357211,1883
IT_357225,1310
IT_357232,3756
IT_357259,2750
IT_357261,9394
IT_357271,8098
IT_357280,7999
IT_357284,9402
IT_357286,8719
IT_357291,9105
IT_357336,9760
IT_357379,1446
IT_357426,14599
IT_357470,2422
IT_357488,1621
IT_357497,4794
IT_357507,8371
IT_357512,8587
IT_357515,9452
IT_357518,9441
IT_357526,8843
IT_357527,12529
IT_357533,8467
IT_357552,2323
IT_357602,3333
IT_357606,1402
IT_357632,4742
IT_357645,3902
IT_357667,1440
IT_357669,9596
IT_357687,1196
IT_357695,3270
IT_357700,6256
IT_357750,3587
IT_357772,2486
IT_357774,1425
IT_357796,3175
IT_357802,10480
IT_357825,8882
IT_357849,8330
IT_357854,8262
IT_357855,9621
IT_357868,9072
IT_357877,3611
IT_357879,2887
IT_357889,2416
IT_357894,6052
IT_357920,1462
IT_357935,1967
IT_357963,3114
IT_357966,10997
IT_357973,3526
IT_357985,12777
IT_358008,10501
IT_358023,9188
IT_358040,8712
IT_358062,8224
IT_358090,8902
IT_358093,11432
IT_358127,11050
IT_358133,3605
IT_358174,3179
IT_358178,2285
IT_358194,4796
IT_358217,2253
IT_358223,1884
IT_358237,1311
IT_358253,3757
IT_358254,2751
IT_358273,9395
IT_358282,8099
IT_358327,8000
IT_358330,9403
IT_358332,8720
IT_358357,9106
IT_358373,9761
IT_358379,1447
IT_358416,14600
IT_358433,2423
IT_358460,1622
IT_358477,4795
IT_358495,8372
IT_358501,8588
IT_358508,9453
IT_358519,9442
IT_358535,8844
IT_358536,12530
IT_358537,8468
IT_358542,2324
IT_358543,3334
IT_358545,1403
IT_358615,4743
IT_358621,3903
IT_358637,1441
IT_358659,9597
IT_358668,1197
IT_358685,3271
IT_358691,6257
IT_358694,3588
IT_358695,2487
IT_358697,1426
IT_358704,3176
IT_358707,10481
IT_358717,8883
IT_358723,8331
IT_358794,8263
IT_358796,9622
IT_358798,9073
IT_358847,3612
IT_358853,2888
IT_358871,2417
IT_358873,6053
IT_358875,1463
IT_358878,1968
IT_358881,3115
IT_358886,10998
IT_358902,3527
IT_358910,12778
IT_358918,10502
IT_358925,9189
IT_358950,8713
IT_358964,8225
IT_359010,8903
IT_359025,11433
IT_359037,11051
IT_359044,3606
IT_359067,3180
IT_359076,2286
IT_359099,4797
IT_359101,2254
IT_359102,1885
IT_359107,1312
IT_359109,3758
IT_359110,2752
IT_359116,9396
IT_359125,8100
IT_359175,8001
IT_359177,9404
IT_359183,8721
IT_359202,9107
IT_359208,9762
IT_359223,1448
IT_359230,14601
IT_359244,2424
IT_359249,1623
IT_359259,4796
IT_359273,8373
IT_359278,8589
IT_359290,9454
IT_359291,9443
IT_359292,8845
IT_359308,12531
IT_359357,8469
IT_359360,2325
IT_359364,3335
IT_359365,1404
IT_359370,4744
IT_359384,3904
IT_359392,1442
IT_359401,9598
IT_359405,1198
IT_359406,3272
IT_359421,6258
IT_359431,3589
IT_359437,2488
IT_359442,1427
IT_359443,3177
IT_359446,10482
IT_359447,8884
IT_359454,8332
IT_359496,8264
IT_359511,9623
IT_359520,9074
IT_359537,3613
IT_359549,2889
IT_359562,2418
IT_359579,6054
IT_359594,1464
IT_359600,1969
IT_359605,3116
IT_359654,10999
IT_359671,3528
IT_359675,12779
IT_359685,10503
IT_359692,9190
IT_359699,8714
IT_359702,8226
IT_359710,8904
IT_359711,11434
IT_359718,11052
IT_359720,3607
IT_359729,3181
IT_359764,2287
IT_359794,4798
IT_359795,2255
IT_359797,1886
IT_359816,1313
IT_359823,3759
IT_359848,2753
IT_359862,9397
IT_359863,8101
IT_359866,8002
IT_359867,9405
IT_359879,8722
IT_359883,9108
IT_359894,9763
IT_359904,1449
IT_359905,14602
IT_359910,2425
IT_359913,1624
IT_359915,4797
IT_359919,8374
IT_359927,8590
IT_359932,9455
IT_359972,9444
IT_359978,8846
IT_360000,12532
IT_360001,8470
IT_360006,2326
IT_360021,3336
IT_360044,1405
IT_360047,4745
IT_360053,3905
IT_360069,1443
IT_360074,9599
IT_360097,1199
IT_360142,3273
IT_360156,6259
IT_360163,3590
IT_360183,2489
IT_360190,1428
IT_360216,3178
IT_360235,10483
IT_360240,8885
IT_360254,8333
IT_360260,8265
IT_360274,9624
IT_360287,9075
IT_360289,3614
IT_360306,2890
IT_360358,2419
IT_360363,6055
IT_360378,1465
IT_360398,1970
IT_360424,3117
IT_360428,11000
IT_360434,3529
IT_360449,12780
IT_360461,10504
IT_360466,9191
IT_360481,8715
IT_360483,8227
IT_360526,8905
IT_360566,11435
IT_360570,11053
IT_360603,3608
IT_360610,3182
IT_360634,2288
IT_360636,4799
IT_360643,2256
IT_360645,1887
IT_360648,1314
IT_360652,3760
IT_360655,2754
IT_360697,9398
IT_360713,8102
IT_360722,8003
IT_360724,9406
IT_360726,8723
IT_360731,9109
IT_360748,9764
IT_360749,1450
IT_360814,14603
IT_360817,2426
IT_360842,1625
IT_360863,4798
IT_360867,8375
IT_360869,8591
IT_360872,9456
IT_360895,9445
IT_360901,8847
IT_360907,12533
IT_360909,8471
IT_360912,2327
IT_360951,3337
IT_360954,1406
IT_360956,4746
IT_360974,3906
IT_360999,1444
IT_361004,9600
IT_361015,1200
IT_361017,3274
IT_361037,6260
IT_361048,3591
IT_361053,2490
IT_361066,1429
IT_361080,3179
IT_361083,10484
IT_361084,8886
IT_361087,8334
IT_361089,8266
IT_361106,9625
IT_361131,9076
IT_361153,3615
IT_361174,2891
IT_361179,2420
IT_361220,6056
IT_361223,1466
IT_361226,1971
IT_361256,3118
IT_361258,11001
IT_361264,3530
IT_361266,12781
IT_361273,10505
IT_361313,9192
IT_361316,8716
IT_361337,8228
IT_361338,8906
IT_361358,11436
IT_361360,11054
IT_361392,3609
IT_361406,3183
IT_361415,2289
IT_361418,4800
IT_361471,2257
IT_361473,1888
IT_361513,1315
IT_361525,3761
IT_361538,2755
IT_361554,9399
IT_361566,8103
IT_361569,8004
IT_361570,9407
IT_361593,8724
IT_361594,9110
IT_361595,9765
IT_361603,1451
IT_361634,14604
IT_361651,2427
IT_361656,1626
IT_361668,4799
IT_361691,8376
IT_361694,8592
IT_361699,9457
IT_361719,9446
IT_361723,8848
